match_id,competition_id,season_id,half
3802643,7,108,confirmation
3802665,7,108,confirmation
3802676,7,108,discovery
3802683,7,108,confirmation
3802685,7,108,confirmation
3802690,7,108,confirmation
3802696,7,108,discovery
3802699,7,108,discovery
3802709,7,108,discovery
3802752,7,108,confirmation
3802793,7,108,discovery
3802795,7,108,confirmation
3802802,7,108,discovery
3802805,7,108,discovery
3802809,7,108,discovery
3802818,7,108,discovery
3802837,7,108,discovery
3802839,7,108,discovery
3802902,7,108,discovery
3802904,7,108,confirmation
3802907,7,108,confirmation
3802930,7,108,discovery
3802948,7,108,confirmation
3802983,7,108,confirmation
3802984,7,108,confirmation
3803000,7,108,confirmation
3837650,7,235,confirmation
3837659,7,235,confirmation
3837662,7,235,discovery
3837680,7,235,discovery
3837683,7,235,discovery
3837695,7,235,discovery
3837706,7,235,discovery
3837717,7,235,discovery
3837727,7,235,confirmation
3837747,7,235,discovery
3837752,7,235,discovery
3837771,7,235,confirmation
3837785,7,235,discovery
3837818,7,235,confirmation
3837827,7,235,confirmation
3837839,7,235,discovery
3837844,7,235,discovery
3837859,7,235,discovery
3837876,7,235,confirmation
3837885,7,235,discovery
3837896,7,235,confirmation
3837902,7,235,confirmation
3837918,7,235,confirmation
3837928,7,235,discovery
3837938,7,235,confirmation
3837947,7,235,confirmation
3837954,7,235,discovery
3837963,7,235,confirmation
3837987,7,235,confirmation
3837998,7,235,confirmation
3838004,7,235,discovery
3838017,7,235,confirmation
3895052,9,281,confirmation
3895060,9,281,discovery
3895067,9,281,confirmation
3895074,9,281,discovery
3895086,9,281,discovery
3895095,9,281,confirmation
3895107,9,281,confirmation
3895113,9,281,discovery
3895121,9,281,discovery
3895134,9,281,confirmation
3895139,9,281,confirmation
3895153,9,281,confirmation
3895158,9,281,discovery
3895167,9,281,confirmation
3895180,9,281,discovery
3895182,9,281,confirmation
3895194,9,281,confirmation
3895202,9,281,confirmation
3895210,9,281,confirmation
3895220,9,281,discovery
3895232,9,281,confirmation
3895244,9,281,discovery
3895250,9,281,discovery
3895258,9,281,confirmation
3895266,9,281,confirmation
3895275,9,281,discovery
3895286,9,281,confirmation
3895292,9,281,confirmation
3895302,9,281,discovery
3895309,9,281,discovery
3895320,9,281,discovery
3895333,9,281,discovery
3895340,9,281,discovery
3895348,9,281,discovery
3764440,11,90,discovery
3764661,11,90,discovery
3773369,11,90,discovery
3773372,11,90,discovery
3773377,11,90,discovery
3773386,11,90,discovery
3773387,11,90,confirmation
3773403,11,90,discovery
3773415,11,90,confirmation
3773428,11,90,discovery
3773457,11,90,confirmation
3773466,11,90,confirmation
3773474,11,90,confirmation
3773477,11,90,confirmation
3773497,11,90,confirmation
3773523,11,90,confirmation
3773526,11,90,confirmation
3773547,11,90,discovery
3773552,11,90,discovery
3773565,11,90,confirmation
3773571,11,90,discovery
3773585,11,90,discovery
3773586,11,90,discovery
3773587,11,90,confirmation
3773593,11,90,discovery
3773597,11,90,confirmation
3773625,11,90,confirmation
3773631,11,90,discovery
3773656,11,90,confirmation
3773660,11,90,confirmation
3773661,11,90,confirmation
3773665,11,90,confirmation
3773672,11,90,discovery
3773689,11,90,confirmation
3773695,11,90,discovery
3857254,43,106,discovery
3857255,43,106,confirmation
3857256,43,106,discovery
3857257,43,106,discovery
3857258,43,106,confirmation
3857259,43,106,discovery
3857260,43,106,discovery
3857261,43,106,confirmation
3857262,43,106,confirmation
3857263,43,106,discovery
3857264,43,106,confirmation
3857265,43,106,discovery
3857266,43,106,discovery
3857267,43,106,discovery
3857268,43,106,confirmation
3857269,43,106,discovery
3857270,43,106,confirmation
3857271,43,106,confirmation
3857272,43,106,discovery
3857273,43,106,confirmation
3857274,43,106,confirmation
3857275,43,106,confirmation
3857276,43,106,confirmation
3857277,43,106,discovery
3857278,43,106,discovery
3857279,43,106,confirmation
3857280,43,106,confirmation
3857281,43,106,discovery
3857282,43,106,discovery
3857283,43,106,discovery
3857284,43,106,confirmation
3857285,43,106,discovery
3857286,43,106,confirmation
3857287,43,106,confirmation
3857288,43,106,discovery
3857289,43,106,confirmation
3857290,43,106,discovery
3857291,43,106,discovery
3857292,43,106,discovery
3857293,43,106,confirmation
3857294,43,106,discovery
3857295,43,106,confirmation
3857296,43,106,discovery
3857297,43,106,confirmation
3857298,43,106,discovery
3857299,43,106,discovery
3857300,43,106,discovery
3857301,43,106,discovery
3869117,43,106,confirmation
3869118,43,106,confirmation
3869151,43,106,confirmation
3869152,43,106,confirmation
3869219,43,106,discovery
3869220,43,106,discovery
3869253,43,106,discovery
3869254,43,106,confirmation
3869321,43,106,confirmation
3869354,43,106,confirmation
3869420,43,106,confirmation
3869486,43,106,confirmation
3869519,43,106,confirmation
3869552,43,106,discovery
3869684,43,106,discovery
3869685,43,106,confirmation
3877060,44,107,confirmation
3877072,44,107,discovery
3877090,44,107,discovery
3877115,44,107,confirmation
3877170,44,107,discovery
3877194,44,107,confirmation
3788741,55,43,confirmation
3788742,55,43,confirmation
3788743,55,43,discovery
3788744,55,43,confirmation
3788745,55,43,confirmation
3788746,55,43,confirmation
3788747,55,43,confirmation
3788748,55,43,confirmation
3788749,55,43,discovery
3788750,55,43,discovery
3788751,55,43,discovery
3788752,55,43,confirmation
3788753,55,43,confirmation
3788754,55,43,discovery
3788755,55,43,discovery
3788756,55,43,discovery
3788757,55,43,discovery
3788758,55,43,discovery
3788759,55,43,discovery
3788760,55,43,confirmation
3788761,55,43,discovery
3788762,55,43,discovery
3788763,55,43,confirmation
3788764,55,43,discovery
3788765,55,43,discovery
3788766,55,43,confirmation
3788767,55,43,confirmation
3788768,55,43,discovery
3788769,55,43,confirmation
3788770,55,43,discovery
3788771,55,43,confirmation
3788772,55,43,confirmation
3788773,55,43,discovery
3788774,55,43,confirmation
3788775,55,43,confirmation
3788776,55,43,discovery
3794685,55,43,discovery
3794686,55,43,discovery
3794687,55,43,discovery
3794688,55,43,confirmation
3794689,55,43,confirmation
3794690,55,43,confirmation
3794691,55,43,confirmation
3794692,55,43,confirmation
3795107,55,43,confirmation
3795108,55,43,confirmation
3795109,55,43,confirmation
3795187,55,43,discovery
3795220,55,43,discovery
3795221,55,43,discovery
3795506,55,43,discovery
3930158,55,282,confirmation
3930159,55,282,confirmation
3930160,55,282,confirmation
3930161,55,282,discovery
3930162,55,282,confirmation
3930163,55,282,confirmation
3930164,55,282,confirmation
3930165,55,282,discovery
3930166,55,282,discovery
3930167,55,282,confirmation
3930168,55,282,discovery
3930169,55,282,confirmation
3930170,55,282,discovery
3930171,55,282,confirmation
3930172,55,282,discovery
3930173,55,282,confirmation
3930174,55,282,confirmation
3930175,55,282,discovery
3930176,55,282,discovery
3930177,55,282,discovery
3930178,55,282,confirmation
3930179,55,282,confirmation
3930180,55,282,discovery
3930181,55,282,discovery
3930182,55,282,discovery
3930183,55,282,confirmation
3930184,55,282,confirmation
3938637,55,282,discovery
3938638,55,282,confirmation
3938639,55,282,discovery
3938640,55,282,discovery
3938641,55,282,discovery
3938642,55,282,discovery
3938643,55,282,confirmation
3938644,55,282,confirmation
3938645,55,282,confirmation
3940878,55,282,discovery
3940983,55,282,confirmation
3941017,55,282,discovery
3941018,55,282,confirmation
3941019,55,282,discovery
3941020,55,282,confirmation
3941021,55,282,confirmation
3941022,55,282,discovery
3942226,55,282,discovery
3942227,55,282,confirmation
3942349,55,282,discovery
3942382,55,282,confirmation
3942752,55,282,discovery
3942819,55,282,confirmation
3943043,55,282,discovery
