list_name,player_id,full_name,datasets_present
Kroos,5574,Toni Kroos,2015/16;reserved;study
Modric,5463,Luka Modrić,2015/16;pff_map;reserved;study
Verratti,3166,Marco Verratti,2015/16;study
Busquets,5203,Sergio Busquets i Burgos,2015/16;pff_map;reserved;study
De Bruyne,3089,Kevin De Bruyne,2015/16;pff_map;reserved;study
Xhaka,3500,Granit Xhaka,2015/16;pff_map;reserved;study
de Jong,8118,Frenkie de Jong,pff_map;reserved;study
Kimmich,5579,Joshua Kimmich,pff_map;reserved;study
Rodri,6765,Rodrigo Hernández Cascante,pff_map;reserved;study
Pedri,30486,Pedro González López,pff_map;study
Gundogan,10287,İlkay Gündoğan,pff_map;reserved;study
Grillitsch,11396,Florian Grillitsch,study
Shaparenko,21294,Mykola Shaparenko,study
