dataset,competition_id,season_id,match_id,half
2015/16,2,27,3753972,DEVELOPMENT
2015/16,2,27,3753973,DEVELOPMENT
2015/16,2,27,3753974,DEVELOPMENT
2015/16,2,27,3753975,DEVELOPMENT
2015/16,2,27,3753976,DEVELOPMENT
2015/16,2,27,3753977,DEVELOPMENT
2015/16,2,27,3753978,DEVELOPMENT
2015/16,2,27,3753979,DEVELOPMENT
2015/16,2,27,3753980,DEVELOPMENT
2015/16,2,27,3753981,DEVELOPMENT
2015/16,2,27,3753982,DEVELOPMENT
2015/16,2,27,3753983,DEVELOPMENT
2015/16,2,27,3753984,DEVELOPMENT
2015/16,2,27,3753985,DEVELOPMENT
2015/16,2,27,3753986,DEVELOPMENT
2015/16,2,27,3753987,DEVELOPMENT
2015/16,2,27,3753988,DEVELOPMENT
2015/16,2,27,3753989,DEVELOPMENT
2015/16,2,27,3753990,DEVELOPMENT
2015/16,2,27,3753991,DEVELOPMENT
2015/16,2,27,3753992,DEVELOPMENT
2015/16,2,27,3753993,DEVELOPMENT
2015/16,2,27,3753994,DEVELOPMENT
2015/16,2,27,3753995,DEVELOPMENT
2015/16,2,27,3753996,DEVELOPMENT
2015/16,2,27,3753997,DEVELOPMENT
2015/16,2,27,3753998,DEVELOPMENT
2015/16,2,27,3753999,DEVELOPMENT
2015/16,2,27,3754000,DEVELOPMENT
2015/16,2,27,3754001,DEVELOPMENT
2015/16,2,27,3754002,DEVELOPMENT
2015/16,2,27,3754003,DEVELOPMENT
2015/16,2,27,3754004,DEVELOPMENT
2015/16,2,27,3754005,DEVELOPMENT
2015/16,2,27,3754006,DEVELOPMENT
2015/16,2,27,3754007,DEVELOPMENT
2015/16,2,27,3754008,DEVELOPMENT
2015/16,2,27,3754009,DEVELOPMENT
2015/16,2,27,3754010,DEVELOPMENT
2015/16,2,27,3754011,DEVELOPMENT
2015/16,2,27,3754012,DEVELOPMENT
2015/16,2,27,3754013,DEVELOPMENT
2015/16,2,27,3754014,DEVELOPMENT
2015/16,2,27,3754015,DEVELOPMENT
2015/16,2,27,3754016,DEVELOPMENT
2015/16,2,27,3754017,DEVELOPMENT
2015/16,2,27,3754018,DEVELOPMENT
2015/16,2,27,3754019,DEVELOPMENT
2015/16,2,27,3754020,DEVELOPMENT
2015/16,2,27,3754021,DEVELOPMENT
2015/16,2,27,3754022,DEVELOPMENT
2015/16,2,27,3754023,DEVELOPMENT
2015/16,2,27,3754024,DEVELOPMENT
2015/16,2,27,3754025,DEVELOPMENT
2015/16,2,27,3754026,DEVELOPMENT
2015/16,2,27,3754027,DEVELOPMENT
2015/16,2,27,3754028,DEVELOPMENT
2015/16,2,27,3754029,DEVELOPMENT
2015/16,2,27,3754030,DEVELOPMENT
2015/16,2,27,3754031,DEVELOPMENT
2015/16,2,27,3754032,DEVELOPMENT
2015/16,2,27,3754033,DEVELOPMENT
2015/16,2,27,3754034,DEVELOPMENT
2015/16,2,27,3754035,DEVELOPMENT
2015/16,2,27,3754036,DEVELOPMENT
2015/16,2,27,3754037,DEVELOPMENT
2015/16,2,27,3754038,DEVELOPMENT
2015/16,2,27,3754039,DEVELOPMENT
2015/16,2,27,3754040,DEVELOPMENT
2015/16,2,27,3754041,DEVELOPMENT
2015/16,2,27,3754042,DEVELOPMENT
2015/16,2,27,3754043,DEVELOPMENT
2015/16,2,27,3754044,DEVELOPMENT
2015/16,2,27,3754045,DEVELOPMENT
2015/16,2,27,3754046,DEVELOPMENT
2015/16,2,27,3754047,DEVELOPMENT
2015/16,2,27,3754048,DEVELOPMENT
2015/16,2,27,3754049,DEVELOPMENT
2015/16,2,27,3754050,DEVELOPMENT
2015/16,2,27,3754051,DEVELOPMENT
2015/16,2,27,3754052,DEVELOPMENT
2015/16,2,27,3754053,DEVELOPMENT
2015/16,2,27,3754054,DEVELOPMENT
2015/16,2,27,3754055,DEVELOPMENT
2015/16,2,27,3754056,DEVELOPMENT
2015/16,2,27,3754057,DEVELOPMENT
2015/16,2,27,3754058,DEVELOPMENT
2015/16,2,27,3754059,DEVELOPMENT
2015/16,2,27,3754060,DEVELOPMENT
2015/16,2,27,3754061,DEVELOPMENT
2015/16,2,27,3754062,DEVELOPMENT
2015/16,2,27,3754063,DEVELOPMENT
2015/16,2,27,3754064,DEVELOPMENT
2015/16,2,27,3754065,DEVELOPMENT
2015/16,2,27,3754066,DEVELOPMENT
2015/16,2,27,3754067,DEVELOPMENT
2015/16,2,27,3754068,DEVELOPMENT
2015/16,2,27,3754069,DEVELOPMENT
2015/16,2,27,3754070,DEVELOPMENT
2015/16,2,27,3754071,DEVELOPMENT
2015/16,2,27,3754072,DEVELOPMENT
2015/16,2,27,3754073,DEVELOPMENT
2015/16,2,27,3754074,DEVELOPMENT
2015/16,2,27,3754075,DEVELOPMENT
2015/16,2,27,3754076,DEVELOPMENT
2015/16,2,27,3754077,DEVELOPMENT
2015/16,2,27,3754078,DEVELOPMENT
2015/16,2,27,3754079,DEVELOPMENT
2015/16,2,27,3754080,DEVELOPMENT
2015/16,2,27,3754081,DEVELOPMENT
2015/16,2,27,3754082,DEVELOPMENT
2015/16,2,27,3754083,DEVELOPMENT
2015/16,2,27,3754084,DEVELOPMENT
2015/16,2,27,3754085,DEVELOPMENT
2015/16,2,27,3754086,DEVELOPMENT
2015/16,2,27,3754087,DEVELOPMENT
2015/16,2,27,3754088,DEVELOPMENT
2015/16,2,27,3754089,DEVELOPMENT
2015/16,2,27,3754090,DEVELOPMENT
2015/16,2,27,3754091,DEVELOPMENT
2015/16,2,27,3754092,DEVELOPMENT
2015/16,2,27,3754093,DEVELOPMENT
2015/16,2,27,3754094,DEVELOPMENT
2015/16,2,27,3754095,DEVELOPMENT
2015/16,2,27,3754096,DEVELOPMENT
2015/16,2,27,3754097,DEVELOPMENT
2015/16,2,27,3754098,DEVELOPMENT
2015/16,2,27,3754099,DEVELOPMENT
2015/16,2,27,3754100,DEVELOPMENT
2015/16,2,27,3754101,DEVELOPMENT
2015/16,2,27,3754102,DEVELOPMENT
2015/16,2,27,3754103,DEVELOPMENT
2015/16,2,27,3754104,DEVELOPMENT
2015/16,2,27,3754105,DEVELOPMENT
2015/16,2,27,3754106,DEVELOPMENT
2015/16,2,27,3754107,DEVELOPMENT
2015/16,2,27,3754108,DEVELOPMENT
2015/16,2,27,3754109,DEVELOPMENT
2015/16,2,27,3754110,DEVELOPMENT
2015/16,2,27,3754111,DEVELOPMENT
2015/16,2,27,3754112,DEVELOPMENT
2015/16,2,27,3754113,DEVELOPMENT
2015/16,2,27,3754114,DEVELOPMENT
2015/16,2,27,3754115,DEVELOPMENT
2015/16,2,27,3754116,DEVELOPMENT
2015/16,2,27,3754117,DEVELOPMENT
2015/16,2,27,3754118,DEVELOPMENT
2015/16,2,27,3754119,DEVELOPMENT
2015/16,2,27,3754120,DEVELOPMENT
2015/16,2,27,3754121,DEVELOPMENT
2015/16,2,27,3754122,DEVELOPMENT
2015/16,2,27,3754123,DEVELOPMENT
2015/16,2,27,3754124,DEVELOPMENT
2015/16,2,27,3754125,DEVELOPMENT
2015/16,2,27,3754126,DEVELOPMENT
2015/16,2,27,3754127,DEVELOPMENT
2015/16,2,27,3754128,DEVELOPMENT
2015/16,2,27,3754129,DEVELOPMENT
2015/16,2,27,3754130,DEVELOPMENT
2015/16,2,27,3754131,DEVELOPMENT
2015/16,2,27,3754132,DEVELOPMENT
2015/16,2,27,3754133,DEVELOPMENT
2015/16,2,27,3754134,DEVELOPMENT
2015/16,2,27,3754135,DEVELOPMENT
2015/16,2,27,3754136,DEVELOPMENT
2015/16,2,27,3754137,DEVELOPMENT
2015/16,2,27,3754138,DEVELOPMENT
2015/16,2,27,3754139,DEVELOPMENT
2015/16,2,27,3754140,DEVELOPMENT
2015/16,2,27,3754141,DEVELOPMENT
2015/16,2,27,3754142,DEVELOPMENT
2015/16,2,27,3754143,DEVELOPMENT
2015/16,2,27,3754144,DEVELOPMENT
2015/16,2,27,3754145,DEVELOPMENT
2015/16,2,27,3754146,DEVELOPMENT
2015/16,2,27,3754147,DEVELOPMENT
2015/16,2,27,3754148,DEVELOPMENT
2015/16,2,27,3754149,DEVELOPMENT
2015/16,2,27,3754150,DEVELOPMENT
2015/16,2,27,3754151,DEVELOPMENT
2015/16,2,27,3754152,DEVELOPMENT
2015/16,2,27,3754153,DEVELOPMENT
2015/16,2,27,3754154,DEVELOPMENT
2015/16,2,27,3754155,DEVELOPMENT
2015/16,2,27,3754156,DEVELOPMENT
2015/16,2,27,3754157,DEVELOPMENT
2015/16,2,27,3754158,DEVELOPMENT
2015/16,2,27,3754159,DEVELOPMENT
2015/16,2,27,3754160,DEVELOPMENT
2015/16,2,27,3754161,DEVELOPMENT
2015/16,2,27,3754162,DEVELOPMENT
2015/16,2,27,3754163,DEVELOPMENT
2015/16,2,27,3754164,DEVELOPMENT
2015/16,2,27,3754165,DEVELOPMENT
2015/16,2,27,3754166,DEVELOPMENT
2015/16,2,27,3754167,DEVELOPMENT
2015/16,2,27,3754168,DEVELOPMENT
2015/16,2,27,3754169,DEVELOPMENT
2015/16,2,27,3754170,DEVELOPMENT
2015/16,2,27,3754171,DEVELOPMENT
2015/16,2,27,3754172,DEVELOPMENT
2015/16,2,27,3754173,DEVELOPMENT
2015/16,2,27,3754174,DEVELOPMENT
2015/16,2,27,3754175,DEVELOPMENT
2015/16,2,27,3754176,DEVELOPMENT
2015/16,2,27,3754177,DEVELOPMENT
2015/16,2,27,3754178,DEVELOPMENT
2015/16,2,27,3754179,DEVELOPMENT
2015/16,2,27,3754180,DEVELOPMENT
2015/16,2,27,3754181,DEVELOPMENT
2015/16,2,27,3754182,DEVELOPMENT
2015/16,2,27,3754183,DEVELOPMENT
2015/16,2,27,3754184,DEVELOPMENT
2015/16,2,27,3754185,DEVELOPMENT
2015/16,2,27,3754186,DEVELOPMENT
2015/16,2,27,3754187,DEVELOPMENT
2015/16,2,27,3754188,DEVELOPMENT
2015/16,2,27,3754189,DEVELOPMENT
2015/16,2,27,3754190,DEVELOPMENT
2015/16,2,27,3754191,DEVELOPMENT
2015/16,2,27,3754192,DEVELOPMENT
2015/16,2,27,3754193,DEVELOPMENT
2015/16,2,27,3754194,DEVELOPMENT
2015/16,2,27,3754195,DEVELOPMENT
2015/16,2,27,3754196,DEVELOPMENT
2015/16,2,27,3754197,DEVELOPMENT
2015/16,2,27,3754198,DEVELOPMENT
2015/16,2,27,3754199,DEVELOPMENT
2015/16,2,27,3754200,DEVELOPMENT
2015/16,2,27,3754201,DEVELOPMENT
2015/16,2,27,3754202,DEVELOPMENT
2015/16,2,27,3754203,DEVELOPMENT
2015/16,2,27,3754204,DEVELOPMENT
2015/16,2,27,3754205,DEVELOPMENT
2015/16,2,27,3754206,DEVELOPMENT
2015/16,2,27,3754207,DEVELOPMENT
2015/16,2,27,3754208,DEVELOPMENT
2015/16,2,27,3754209,DEVELOPMENT
2015/16,2,27,3754210,DEVELOPMENT
2015/16,2,27,3754211,DEVELOPMENT
2015/16,2,27,3754212,DEVELOPMENT
2015/16,2,27,3754213,DEVELOPMENT
2015/16,2,27,3754214,DEVELOPMENT
2015/16,2,27,3754215,DEVELOPMENT
2015/16,2,27,3754216,DEVELOPMENT
2015/16,2,27,3754217,DEVELOPMENT
2015/16,2,27,3754218,DEVELOPMENT
2015/16,2,27,3754219,DEVELOPMENT
2015/16,2,27,3754220,DEVELOPMENT
2015/16,2,27,3754221,DEVELOPMENT
2015/16,2,27,3754222,DEVELOPMENT
2015/16,2,27,3754223,DEVELOPMENT
2015/16,2,27,3754224,DEVELOPMENT
2015/16,2,27,3754225,DEVELOPMENT
2015/16,2,27,3754226,DEVELOPMENT
2015/16,2,27,3754227,DEVELOPMENT
2015/16,2,27,3754228,DEVELOPMENT
2015/16,2,27,3754229,DEVELOPMENT
2015/16,2,27,3754230,DEVELOPMENT
2015/16,2,27,3754231,DEVELOPMENT
2015/16,2,27,3754232,DEVELOPMENT
2015/16,2,27,3754233,DEVELOPMENT
2015/16,2,27,3754234,DEVELOPMENT
2015/16,2,27,3754235,DEVELOPMENT
2015/16,2,27,3754236,DEVELOPMENT
2015/16,2,27,3754237,DEVELOPMENT
2015/16,2,27,3754238,DEVELOPMENT
2015/16,2,27,3754239,DEVELOPMENT
2015/16,2,27,3754240,DEVELOPMENT
2015/16,2,27,3754241,DEVELOPMENT
2015/16,2,27,3754242,DEVELOPMENT
2015/16,2,27,3754243,DEVELOPMENT
2015/16,2,27,3754244,DEVELOPMENT
2015/16,2,27,3754245,DEVELOPMENT
2015/16,2,27,3754246,DEVELOPMENT
2015/16,2,27,3754247,DEVELOPMENT
2015/16,2,27,3754248,DEVELOPMENT
2015/16,2,27,3754249,DEVELOPMENT
2015/16,2,27,3754250,DEVELOPMENT
2015/16,2,27,3754251,DEVELOPMENT
2015/16,2,27,3754252,DEVELOPMENT
2015/16,2,27,3754253,DEVELOPMENT
2015/16,2,27,3754254,DEVELOPMENT
2015/16,2,27,3754255,DEVELOPMENT
2015/16,2,27,3754256,DEVELOPMENT
2015/16,2,27,3754257,DEVELOPMENT
2015/16,2,27,3754258,DEVELOPMENT
2015/16,2,27,3754259,DEVELOPMENT
2015/16,2,27,3754260,DEVELOPMENT
2015/16,2,27,3754261,DEVELOPMENT
2015/16,2,27,3754262,DEVELOPMENT
2015/16,2,27,3754263,DEVELOPMENT
2015/16,2,27,3754264,DEVELOPMENT
2015/16,2,27,3754265,DEVELOPMENT
2015/16,2,27,3754266,DEVELOPMENT
2015/16,2,27,3754267,DEVELOPMENT
2015/16,2,27,3754268,DEVELOPMENT
2015/16,2,27,3754269,DEVELOPMENT
2015/16,2,27,3754270,DEVELOPMENT
2015/16,2,27,3754271,DEVELOPMENT
2015/16,2,27,3754272,DEVELOPMENT
2015/16,2,27,3754273,DEVELOPMENT
2015/16,2,27,3754274,DEVELOPMENT
2015/16,2,27,3754275,DEVELOPMENT
2015/16,2,27,3754276,DEVELOPMENT
2015/16,2,27,3754277,DEVELOPMENT
2015/16,2,27,3754278,DEVELOPMENT
2015/16,2,27,3754279,DEVELOPMENT
2015/16,2,27,3754280,DEVELOPMENT
2015/16,2,27,3754281,DEVELOPMENT
2015/16,2,27,3754282,DEVELOPMENT
2015/16,2,27,3754283,DEVELOPMENT
2015/16,2,27,3754284,DEVELOPMENT
2015/16,2,27,3754285,DEVELOPMENT
2015/16,2,27,3754286,DEVELOPMENT
2015/16,2,27,3754287,DEVELOPMENT
2015/16,2,27,3754288,DEVELOPMENT
2015/16,2,27,3754289,DEVELOPMENT
2015/16,2,27,3754290,DEVELOPMENT
2015/16,2,27,3754291,DEVELOPMENT
2015/16,2,27,3754292,DEVELOPMENT
2015/16,2,27,3754293,DEVELOPMENT
2015/16,2,27,3754294,DEVELOPMENT
2015/16,2,27,3754295,DEVELOPMENT
2015/16,2,27,3754296,DEVELOPMENT
2015/16,2,27,3754297,DEVELOPMENT
2015/16,2,27,3754298,DEVELOPMENT
2015/16,2,27,3754299,DEVELOPMENT
2015/16,2,27,3754300,DEVELOPMENT
2015/16,2,27,3754301,DEVELOPMENT
2015/16,2,27,3754302,DEVELOPMENT
2015/16,2,27,3754303,DEVELOPMENT
2015/16,2,27,3754304,DEVELOPMENT
2015/16,2,27,3754305,DEVELOPMENT
2015/16,2,27,3754306,DEVELOPMENT
2015/16,2,27,3754307,DEVELOPMENT
2015/16,2,27,3754308,DEVELOPMENT
2015/16,2,27,3754309,DEVELOPMENT
2015/16,2,27,3754310,DEVELOPMENT
2015/16,2,27,3754311,DEVELOPMENT
2015/16,2,27,3754312,DEVELOPMENT
2015/16,2,27,3754313,DEVELOPMENT
2015/16,2,27,3754314,DEVELOPMENT
2015/16,2,27,3754315,DEVELOPMENT
2015/16,2,27,3754316,DEVELOPMENT
2015/16,2,27,3754317,DEVELOPMENT
2015/16,2,27,3754318,DEVELOPMENT
2015/16,2,27,3754319,DEVELOPMENT
2015/16,2,27,3754320,DEVELOPMENT
2015/16,2,27,3754321,DEVELOPMENT
2015/16,2,27,3754322,DEVELOPMENT
2015/16,2,27,3754323,DEVELOPMENT
2015/16,2,27,3754324,DEVELOPMENT
2015/16,2,27,3754325,DEVELOPMENT
2015/16,2,27,3754326,DEVELOPMENT
2015/16,2,27,3754327,DEVELOPMENT
2015/16,2,27,3754328,DEVELOPMENT
2015/16,2,27,3754329,DEVELOPMENT
2015/16,2,27,3754330,DEVELOPMENT
2015/16,2,27,3754331,DEVELOPMENT
2015/16,2,27,3754332,DEVELOPMENT
2015/16,2,27,3754333,DEVELOPMENT
2015/16,2,27,3754334,DEVELOPMENT
2015/16,2,27,3754335,DEVELOPMENT
2015/16,2,27,3754336,DEVELOPMENT
2015/16,2,27,3754337,DEVELOPMENT
2015/16,2,27,3754338,DEVELOPMENT
2015/16,2,27,3754339,DEVELOPMENT
2015/16,2,27,3754340,DEVELOPMENT
2015/16,2,27,3754341,DEVELOPMENT
2015/16,2,27,3754342,DEVELOPMENT
2015/16,2,27,3754343,DEVELOPMENT
2015/16,2,27,3754344,DEVELOPMENT
2015/16,2,27,3754345,DEVELOPMENT
2015/16,2,27,3754346,DEVELOPMENT
2015/16,2,27,3754347,DEVELOPMENT
2015/16,2,27,3754348,DEVELOPMENT
2015/16,2,27,3754349,DEVELOPMENT
2015/16,2,27,3754350,DEVELOPMENT
2015/16,2,27,3754351,DEVELOPMENT
2015/16,7,27,3829413,REPLICATION
2015/16,7,27,3829414,REPLICATION
2015/16,7,27,3829415,REPLICATION
2015/16,7,27,3829416,REPLICATION
2015/16,7,27,3829417,REPLICATION
2015/16,7,27,3829418,REPLICATION
2015/16,7,27,3829419,REPLICATION
2015/16,7,27,3829420,REPLICATION
2015/16,7,27,3829421,REPLICATION
2015/16,7,27,3829422,REPLICATION
2015/16,7,27,3829423,REPLICATION
2015/16,7,27,3829424,REPLICATION
2015/16,7,27,3829425,REPLICATION
2015/16,7,27,3829426,REPLICATION
2015/16,7,27,3829427,REPLICATION
2015/16,7,27,3829428,REPLICATION
2015/16,7,27,3829429,REPLICATION
2015/16,7,27,3829430,REPLICATION
2015/16,7,27,3829431,REPLICATION
2015/16,7,27,3829432,REPLICATION
2015/16,7,27,3829433,REPLICATION
2015/16,7,27,3829434,REPLICATION
2015/16,7,27,3829435,REPLICATION
2015/16,7,27,3829436,REPLICATION
2015/16,7,27,3829437,REPLICATION
2015/16,7,27,3829438,REPLICATION
2015/16,7,27,3829439,REPLICATION
2015/16,7,27,3829440,REPLICATION
2015/16,7,27,3829441,REPLICATION
2015/16,7,27,3829442,REPLICATION
2015/16,7,27,3829443,REPLICATION
2015/16,7,27,3829444,REPLICATION
2015/16,7,27,3829445,REPLICATION
2015/16,7,27,3829446,REPLICATION
2015/16,7,27,3829447,REPLICATION
2015/16,7,27,3829448,REPLICATION
2015/16,7,27,3829449,REPLICATION
2015/16,7,27,3829450,REPLICATION
2015/16,7,27,3829451,REPLICATION
2015/16,7,27,3829452,REPLICATION
2015/16,7,27,3829453,REPLICATION
2015/16,7,27,3829454,REPLICATION
2015/16,7,27,3829455,REPLICATION
2015/16,7,27,3829456,REPLICATION
2015/16,7,27,3829457,REPLICATION
2015/16,7,27,3829458,REPLICATION
2015/16,7,27,3829459,REPLICATION
2015/16,7,27,3829460,REPLICATION
2015/16,7,27,3829461,REPLICATION
2015/16,7,27,3829462,REPLICATION
2015/16,7,27,3829463,REPLICATION
2015/16,7,27,3829464,REPLICATION
2015/16,7,27,3829465,REPLICATION
2015/16,7,27,3829466,REPLICATION
2015/16,7,27,3829467,REPLICATION
2015/16,7,27,3829468,REPLICATION
2015/16,7,27,3829469,REPLICATION
2015/16,7,27,3829470,REPLICATION
2015/16,7,27,3829471,REPLICATION
2015/16,7,27,3829472,REPLICATION
2015/16,7,27,3829473,REPLICATION
2015/16,7,27,3829474,REPLICATION
2015/16,7,27,3829475,REPLICATION
2015/16,7,27,3829476,REPLICATION
2015/16,7,27,3829477,REPLICATION
2015/16,7,27,3829478,REPLICATION
2015/16,7,27,3829479,REPLICATION
2015/16,7,27,3829480,REPLICATION
2015/16,7,27,3829481,REPLICATION
2015/16,7,27,3829482,REPLICATION
2015/16,7,27,3829483,REPLICATION
2015/16,7,27,3829484,REPLICATION
2015/16,7,27,3829485,REPLICATION
2015/16,7,27,3829486,REPLICATION
2015/16,7,27,3829487,REPLICATION
2015/16,7,27,3829488,REPLICATION
2015/16,7,27,3829489,REPLICATION
2015/16,7,27,3829490,REPLICATION
2015/16,7,27,3829491,REPLICATION
2015/16,7,27,3829492,REPLICATION
2015/16,7,27,3829493,REPLICATION
2015/16,7,27,3829494,REPLICATION
2015/16,7,27,3829495,REPLICATION
2015/16,7,27,3829496,REPLICATION
2015/16,7,27,3829497,REPLICATION
2015/16,7,27,3829498,REPLICATION
2015/16,7,27,3829499,REPLICATION
2015/16,7,27,3829500,REPLICATION
2015/16,7,27,3829501,REPLICATION
2015/16,7,27,3829502,REPLICATION
2015/16,7,27,3829503,REPLICATION
2015/16,7,27,3829504,REPLICATION
2015/16,7,27,3829505,REPLICATION
2015/16,7,27,3829506,REPLICATION
2015/16,7,27,3829507,REPLICATION
2015/16,7,27,3829508,REPLICATION
2015/16,7,27,3829509,REPLICATION
2015/16,7,27,3829510,REPLICATION
2015/16,7,27,3829511,REPLICATION
2015/16,7,27,3829512,REPLICATION
2015/16,7,27,3829513,REPLICATION
2015/16,7,27,3829514,REPLICATION
2015/16,7,27,3829515,REPLICATION
2015/16,7,27,3829516,REPLICATION
2015/16,7,27,3829517,REPLICATION
2015/16,7,27,3829518,REPLICATION
2015/16,7,27,3829519,REPLICATION
2015/16,7,27,3829520,REPLICATION
2015/16,7,27,3829521,REPLICATION
2015/16,7,27,3829522,REPLICATION
2015/16,7,27,3900490,REPLICATION
2015/16,7,27,3900491,REPLICATION
2015/16,7,27,3900492,REPLICATION
2015/16,7,27,3900493,REPLICATION
2015/16,7,27,3900494,REPLICATION
2015/16,7,27,3900495,REPLICATION
2015/16,7,27,3900496,REPLICATION
2015/16,7,27,3900497,REPLICATION
2015/16,7,27,3900498,REPLICATION
2015/16,7,27,3900499,REPLICATION
2015/16,7,27,3900500,REPLICATION
2015/16,7,27,3900501,REPLICATION
2015/16,7,27,3900502,REPLICATION
2015/16,7,27,3900503,REPLICATION
2015/16,7,27,3900504,REPLICATION
2015/16,7,27,3900505,REPLICATION
2015/16,7,27,3900506,REPLICATION
2015/16,7,27,3900507,REPLICATION
2015/16,7,27,3900508,REPLICATION
2015/16,7,27,3900509,REPLICATION
2015/16,7,27,3900510,REPLICATION
2015/16,7,27,3900511,REPLICATION
2015/16,7,27,3900512,REPLICATION
2015/16,7,27,3900513,REPLICATION
2015/16,7,27,3900514,REPLICATION
2015/16,7,27,3900515,REPLICATION
2015/16,7,27,3900516,REPLICATION
2015/16,7,27,3900518,REPLICATION
2015/16,7,27,3900519,REPLICATION
2015/16,7,27,3900520,REPLICATION
2015/16,7,27,3900521,REPLICATION
2015/16,7,27,3900522,REPLICATION
2015/16,7,27,3900523,REPLICATION
2015/16,7,27,3900524,REPLICATION
2015/16,7,27,3900525,REPLICATION
2015/16,7,27,3900526,REPLICATION
2015/16,7,27,3900527,REPLICATION
2015/16,7,27,3900528,REPLICATION
2015/16,7,27,3900529,REPLICATION
2015/16,7,27,3900530,REPLICATION
2015/16,7,27,3900531,REPLICATION
2015/16,7,27,3900532,REPLICATION
2015/16,7,27,3900533,REPLICATION
2015/16,7,27,3900534,REPLICATION
2015/16,7,27,3900535,REPLICATION
2015/16,7,27,3900536,REPLICATION
2015/16,7,27,3900537,REPLICATION
2015/16,7,27,3900538,REPLICATION
2015/16,7,27,3900539,REPLICATION
2015/16,7,27,3900540,REPLICATION
2015/16,7,27,3900541,REPLICATION
2015/16,7,27,3900542,REPLICATION
2015/16,7,27,3900543,REPLICATION
2015/16,7,27,3900544,REPLICATION
2015/16,7,27,3900545,REPLICATION
2015/16,7,27,3900546,REPLICATION
2015/16,7,27,3900547,REPLICATION
2015/16,7,27,3900548,REPLICATION
2015/16,7,27,3900549,REPLICATION
2015/16,7,27,3900550,REPLICATION
2015/16,7,27,3900551,REPLICATION
2015/16,7,27,3900552,REPLICATION
2015/16,7,27,3900553,REPLICATION
2015/16,7,27,3900554,REPLICATION
2015/16,7,27,3900555,REPLICATION
2015/16,7,27,3900556,REPLICATION
2015/16,7,27,3900557,REPLICATION
2015/16,7,27,3900558,REPLICATION
2015/16,7,27,3900559,REPLICATION
2015/16,7,27,3900560,REPLICATION
2015/16,7,27,3900561,REPLICATION
2015/16,7,27,3900562,REPLICATION
2015/16,7,27,3900563,REPLICATION
2015/16,7,27,3900564,REPLICATION
2015/16,7,27,3900565,REPLICATION
2015/16,7,27,3900566,REPLICATION
2015/16,7,27,3900567,REPLICATION
2015/16,7,27,3900568,REPLICATION
2015/16,7,27,3900569,REPLICATION
2015/16,7,27,3900570,REPLICATION
2015/16,7,27,3900571,REPLICATION
2015/16,7,27,3900572,REPLICATION
2015/16,7,27,3900573,REPLICATION
2015/16,7,27,3900574,REPLICATION
2015/16,7,27,3900575,REPLICATION
2015/16,7,27,3900576,REPLICATION
2015/16,7,27,3900577,REPLICATION
2015/16,7,27,3900578,REPLICATION
2015/16,7,27,3900579,REPLICATION
2015/16,7,27,3900580,REPLICATION
2015/16,7,27,3900581,REPLICATION
2015/16,7,27,3900582,REPLICATION
2015/16,7,27,3900583,REPLICATION
2015/16,7,27,3900584,REPLICATION
2015/16,7,27,3900585,REPLICATION
2015/16,7,27,3900586,REPLICATION
2015/16,7,27,3900587,REPLICATION
2015/16,7,27,3900588,REPLICATION
2015/16,7,27,3900589,REPLICATION
2015/16,7,27,3900590,REPLICATION
2015/16,7,27,3900591,REPLICATION
2015/16,7,27,3900592,REPLICATION
2015/16,7,27,3900593,REPLICATION
2015/16,7,27,3900594,REPLICATION
2015/16,7,27,3900595,REPLICATION
2015/16,7,27,3900596,REPLICATION
2015/16,7,27,3900597,REPLICATION
2015/16,7,27,3900598,REPLICATION
2015/16,7,27,3900599,REPLICATION
2015/16,7,27,3900600,REPLICATION
2015/16,7,27,3900601,REPLICATION
2015/16,7,27,3900602,REPLICATION
2015/16,7,27,3900603,REPLICATION
2015/16,7,27,3900604,REPLICATION
2015/16,7,27,3900605,REPLICATION
2015/16,7,27,3900606,REPLICATION
2015/16,7,27,3900608,REPLICATION
2015/16,7,27,3900609,REPLICATION
2015/16,7,27,3900610,REPLICATION
2015/16,7,27,3900611,REPLICATION
2015/16,7,27,3900612,REPLICATION
2015/16,7,27,3900613,REPLICATION
2015/16,7,27,3900614,REPLICATION
2015/16,7,27,3900615,REPLICATION
2015/16,7,27,3900616,REPLICATION
2015/16,7,27,3900617,REPLICATION
2015/16,7,27,3900618,REPLICATION
2015/16,7,27,3900619,REPLICATION
2015/16,7,27,3900620,REPLICATION
2015/16,7,27,3900621,REPLICATION
2015/16,7,27,3900622,REPLICATION
2015/16,7,27,3900623,REPLICATION
2015/16,7,27,3900624,REPLICATION
2015/16,7,27,3900625,REPLICATION
2015/16,7,27,3900626,REPLICATION
2015/16,7,27,3900627,REPLICATION
2015/16,7,27,3900628,REPLICATION
2015/16,7,27,3900629,REPLICATION
2015/16,7,27,3900630,REPLICATION
2015/16,7,27,3900631,REPLICATION
2015/16,7,27,3900632,REPLICATION
2015/16,7,27,3900633,REPLICATION
2015/16,7,27,3900634,REPLICATION
2015/16,7,27,3900635,REPLICATION
2015/16,7,27,3900636,REPLICATION
2015/16,7,27,3900637,REPLICATION
2015/16,7,27,3900638,REPLICATION
2015/16,7,27,3900639,REPLICATION
2015/16,7,27,3901144,REPLICATION
2015/16,7,27,3901145,REPLICATION
2015/16,7,27,3901146,REPLICATION
2015/16,7,27,3901147,REPLICATION
2015/16,7,27,3901148,REPLICATION
2015/16,7,27,3901149,REPLICATION
2015/16,7,27,3901150,REPLICATION
2015/16,7,27,3901151,REPLICATION
2015/16,7,27,3901152,REPLICATION
2015/16,7,27,3901153,REPLICATION
2015/16,7,27,3901154,REPLICATION
2015/16,7,27,3901155,REPLICATION
2015/16,7,27,3901156,REPLICATION
2015/16,7,27,3901157,REPLICATION
2015/16,7,27,3901158,REPLICATION
2015/16,7,27,3901159,REPLICATION
2015/16,7,27,3901160,REPLICATION
2015/16,7,27,3901161,REPLICATION
2015/16,7,27,3901162,REPLICATION
2015/16,7,27,3901163,REPLICATION
2015/16,7,27,3901164,REPLICATION
2015/16,7,27,3901165,REPLICATION
2015/16,7,27,3901166,REPLICATION
2015/16,7,27,3901167,REPLICATION
2015/16,7,27,3901168,REPLICATION
2015/16,7,27,3901169,REPLICATION
2015/16,7,27,3901170,REPLICATION
2015/16,7,27,3901171,REPLICATION
2015/16,7,27,3901172,REPLICATION
2015/16,7,27,3901173,REPLICATION
2015/16,7,27,3901174,REPLICATION
2015/16,7,27,3901175,REPLICATION
2015/16,7,27,3901176,REPLICATION
2015/16,7,27,3901177,REPLICATION
2015/16,7,27,3901178,REPLICATION
2015/16,7,27,3901179,REPLICATION
2015/16,7,27,3901180,REPLICATION
2015/16,7,27,3901181,REPLICATION
2015/16,7,27,3901182,REPLICATION
2015/16,7,27,3901183,REPLICATION
2015/16,7,27,3901184,REPLICATION
2015/16,7,27,3901185,REPLICATION
2015/16,7,27,3901186,REPLICATION
2015/16,7,27,3901187,REPLICATION
2015/16,7,27,3901188,REPLICATION
2015/16,7,27,3901189,REPLICATION
2015/16,7,27,3901190,REPLICATION
2015/16,7,27,3901191,REPLICATION
2015/16,7,27,3901192,REPLICATION
2015/16,7,27,3901193,REPLICATION
2015/16,7,27,3901194,REPLICATION
2015/16,7,27,3901195,REPLICATION
2015/16,7,27,3901196,REPLICATION
2015/16,7,27,3901197,REPLICATION
2015/16,7,27,3901198,REPLICATION
2015/16,7,27,3901199,REPLICATION
2015/16,7,27,3901200,REPLICATION
2015/16,7,27,3901201,REPLICATION
2015/16,7,27,3901202,REPLICATION
2015/16,7,27,3901203,REPLICATION
2015/16,7,27,3901204,REPLICATION
2015/16,7,27,3901205,REPLICATION
2015/16,7,27,3901206,REPLICATION
2015/16,7,27,3901207,REPLICATION
2015/16,7,27,3901208,REPLICATION
2015/16,7,27,3901209,REPLICATION
2015/16,7,27,3901210,REPLICATION
2015/16,7,27,3901211,REPLICATION
2015/16,7,27,3901212,REPLICATION
2015/16,7,27,3901213,REPLICATION
2015/16,7,27,3901214,REPLICATION
2015/16,7,27,3901215,REPLICATION
2015/16,7,27,3901216,REPLICATION
2015/16,7,27,3901217,REPLICATION
2015/16,7,27,3901218,REPLICATION
2015/16,7,27,3901219,REPLICATION
2015/16,7,27,3901220,REPLICATION
2015/16,7,27,3901221,REPLICATION
2015/16,7,27,3901222,REPLICATION
2015/16,7,27,3901223,REPLICATION
2015/16,7,27,3901224,REPLICATION
2015/16,7,27,3901225,REPLICATION
2015/16,7,27,3901226,REPLICATION
2015/16,7,27,3901227,REPLICATION
2015/16,7,27,3901228,REPLICATION
2015/16,7,27,3901229,REPLICATION
2015/16,7,27,3901230,REPLICATION
2015/16,7,27,3901231,REPLICATION
2015/16,7,27,3901232,REPLICATION
2015/16,7,27,3901233,REPLICATION
2015/16,7,27,3901234,REPLICATION
2015/16,7,27,3901235,REPLICATION
2015/16,7,27,3901236,REPLICATION
2015/16,7,27,3901237,REPLICATION
2015/16,7,27,3901238,REPLICATION
2015/16,7,27,3901240,REPLICATION
2015/16,7,27,3901241,REPLICATION
2015/16,7,27,3901242,REPLICATION
2015/16,7,27,3901243,REPLICATION
2015/16,7,27,3901244,REPLICATION
2015/16,7,27,3901245,REPLICATION
2015/16,7,27,3901246,REPLICATION
2015/16,7,27,3901247,REPLICATION
2015/16,7,27,3901248,REPLICATION
2015/16,7,27,3901249,REPLICATION
2015/16,7,27,3901250,REPLICATION
2015/16,7,27,3901251,REPLICATION
2015/16,7,27,3901252,REPLICATION
2015/16,7,27,3901253,REPLICATION
2015/16,7,27,3901254,REPLICATION
2015/16,7,27,3901255,REPLICATION
2015/16,7,27,3901256,REPLICATION
2015/16,7,27,3901257,REPLICATION
2015/16,7,27,3901258,REPLICATION
2015/16,7,27,3901259,REPLICATION
2015/16,7,27,3901260,REPLICATION
2015/16,7,27,3901261,REPLICATION
2015/16,7,27,3901262,REPLICATION
2015/16,7,27,3901263,REPLICATION
2015/16,9,27,3890260,DEVELOPMENT
2015/16,9,27,3890273,DEVELOPMENT
2015/16,9,27,3890278,DEVELOPMENT
2015/16,9,27,3890288,DEVELOPMENT
2015/16,9,27,3890301,DEVELOPMENT
2015/16,9,27,3890312,DEVELOPMENT
2015/16,9,27,3890315,DEVELOPMENT
2015/16,9,27,3890330,DEVELOPMENT
2015/16,9,27,3890337,DEVELOPMENT
2015/16,9,27,3890346,DEVELOPMENT
2015/16,9,27,3890350,DEVELOPMENT
2015/16,9,27,3890359,DEVELOPMENT
2015/16,9,27,3890370,DEVELOPMENT
2015/16,9,27,3890382,DEVELOPMENT
2015/16,9,27,3890390,DEVELOPMENT
2015/16,9,27,3890395,DEVELOPMENT
2015/16,9,27,3890409,DEVELOPMENT
2015/16,9,27,3890415,DEVELOPMENT
2015/16,9,27,3890427,DEVELOPMENT
2015/16,9,27,3890431,DEVELOPMENT
2015/16,9,27,3890444,DEVELOPMENT
2015/16,9,27,3890456,DEVELOPMENT
2015/16,9,27,3890463,DEVELOPMENT
2015/16,9,27,3890472,DEVELOPMENT
2015/16,9,27,3890477,DEVELOPMENT
2015/16,9,27,3890492,DEVELOPMENT
2015/16,9,27,3890500,DEVELOPMENT
2015/16,9,27,3890502,DEVELOPMENT
2015/16,9,27,3890519,DEVELOPMENT
2015/16,9,27,3890521,DEVELOPMENT
2015/16,9,27,3890534,DEVELOPMENT
2015/16,9,27,3890540,DEVELOPMENT
2015/16,9,27,3890550,DEVELOPMENT
2015/16,9,27,3890563,DEVELOPMENT
2015/16,11,27,265839,REPLICATION
2015/16,11,27,265894,REPLICATION
2015/16,11,27,265944,REPLICATION
2015/16,11,27,265958,REPLICATION
2015/16,11,27,266056,REPLICATION
2015/16,11,27,266106,REPLICATION
2015/16,11,27,266149,REPLICATION
2015/16,11,27,266160,REPLICATION
2015/16,11,27,266166,REPLICATION
2015/16,11,27,266236,REPLICATION
2015/16,11,27,266254,REPLICATION
2015/16,11,27,266310,REPLICATION
2015/16,11,27,266424,REPLICATION
2015/16,11,27,266467,REPLICATION
2015/16,11,27,266490,REPLICATION
2015/16,11,27,266498,REPLICATION
2015/16,11,27,266557,REPLICATION
2015/16,11,27,266620,REPLICATION
2015/16,11,27,266653,REPLICATION
2015/16,11,27,266664,REPLICATION
2015/16,11,27,266670,REPLICATION
2015/16,11,27,266815,REPLICATION
2015/16,11,27,266885,REPLICATION
2015/16,11,27,266961,REPLICATION
2015/16,11,27,266986,REPLICATION
2015/16,11,27,267273,REPLICATION
2015/16,11,27,267274,REPLICATION
2015/16,11,27,267327,REPLICATION
2015/16,11,27,267422,REPLICATION
2015/16,11,27,267506,REPLICATION
2015/16,11,27,267533,REPLICATION
2015/16,11,27,267576,REPLICATION
2015/16,11,27,267611,REPLICATION
2015/16,11,27,3825562,REPLICATION
2015/16,11,27,3825563,REPLICATION
2015/16,11,27,3825564,REPLICATION
2015/16,11,27,3825565,REPLICATION
2015/16,11,27,3825566,REPLICATION
2015/16,11,27,3825567,REPLICATION
2015/16,11,27,3825568,REPLICATION
2015/16,11,27,3825569,REPLICATION
2015/16,11,27,3825570,REPLICATION
2015/16,11,27,3825571,REPLICATION
2015/16,11,27,3825572,REPLICATION
2015/16,11,27,3825573,REPLICATION
2015/16,11,27,3825574,REPLICATION
2015/16,11,27,3825575,REPLICATION
2015/16,11,27,3825576,REPLICATION
2015/16,11,27,3825577,REPLICATION
2015/16,11,27,3825578,REPLICATION
2015/16,11,27,3825579,REPLICATION
2015/16,11,27,3825580,REPLICATION
2015/16,11,27,3825581,REPLICATION
2015/16,11,27,3825582,REPLICATION
2015/16,11,27,3825583,REPLICATION
2015/16,11,27,3825584,REPLICATION
2015/16,11,27,3825585,REPLICATION
2015/16,11,27,3825586,REPLICATION
2015/16,11,27,3825587,REPLICATION
2015/16,11,27,3825588,REPLICATION
2015/16,11,27,3825589,REPLICATION
2015/16,11,27,3825590,REPLICATION
2015/16,11,27,3825591,REPLICATION
2015/16,11,27,3825592,REPLICATION
2015/16,11,27,3825593,REPLICATION
2015/16,11,27,3825594,REPLICATION
2015/16,11,27,3825595,REPLICATION
2015/16,11,27,3825596,REPLICATION
2015/16,11,27,3825597,REPLICATION
2015/16,11,27,3825598,REPLICATION
2015/16,11,27,3825599,REPLICATION
2015/16,11,27,3825600,REPLICATION
2015/16,11,27,3825601,REPLICATION
2015/16,11,27,3825602,REPLICATION
2015/16,11,27,3825603,REPLICATION
2015/16,11,27,3825604,REPLICATION
2015/16,11,27,3825605,REPLICATION
2015/16,11,27,3825606,REPLICATION
2015/16,11,27,3825607,REPLICATION
2015/16,11,27,3825608,REPLICATION
2015/16,11,27,3825609,REPLICATION
2015/16,11,27,3825610,REPLICATION
2015/16,11,27,3825611,REPLICATION
2015/16,11,27,3825612,REPLICATION
2015/16,11,27,3825613,REPLICATION
2015/16,11,27,3825614,REPLICATION
2015/16,11,27,3825615,REPLICATION
2015/16,11,27,3825616,REPLICATION
2015/16,11,27,3825617,REPLICATION
2015/16,11,27,3825618,REPLICATION
2015/16,11,27,3825619,REPLICATION
2015/16,11,27,3825620,REPLICATION
2015/16,11,27,3825621,REPLICATION
2015/16,11,27,3825622,REPLICATION
2015/16,11,27,3825623,REPLICATION
2015/16,11,27,3825624,REPLICATION
2015/16,11,27,3825625,REPLICATION
2015/16,11,27,3825626,REPLICATION
2015/16,11,27,3825627,REPLICATION
2015/16,11,27,3825628,REPLICATION
2015/16,11,27,3825629,REPLICATION
2015/16,11,27,3825630,REPLICATION
2015/16,11,27,3825631,REPLICATION
2015/16,11,27,3825632,REPLICATION
2015/16,11,27,3825633,REPLICATION
2015/16,11,27,3825634,REPLICATION
2015/16,11,27,3825635,REPLICATION
2015/16,11,27,3825636,REPLICATION
2015/16,11,27,3825637,REPLICATION
2015/16,11,27,3825638,REPLICATION
2015/16,11,27,3825639,REPLICATION
2015/16,11,27,3825640,REPLICATION
2015/16,11,27,3825641,REPLICATION
2015/16,11,27,3825642,REPLICATION
2015/16,11,27,3825643,REPLICATION
2015/16,11,27,3825644,REPLICATION
2015/16,11,27,3825645,REPLICATION
2015/16,11,27,3825646,REPLICATION
2015/16,11,27,3825647,REPLICATION
2015/16,11,27,3825648,REPLICATION
2015/16,11,27,3825649,REPLICATION
2015/16,11,27,3825650,REPLICATION
2015/16,11,27,3825651,REPLICATION
2015/16,11,27,3825652,REPLICATION
2015/16,11,27,3825653,REPLICATION
2015/16,11,27,3825654,REPLICATION
2015/16,11,27,3825655,REPLICATION
2015/16,11,27,3825656,REPLICATION
2015/16,11,27,3825657,REPLICATION
2015/16,11,27,3825658,REPLICATION
2015/16,11,27,3825659,REPLICATION
2015/16,11,27,3825660,REPLICATION
2015/16,11,27,3825661,REPLICATION
2015/16,11,27,3825662,REPLICATION
2015/16,11,27,3825663,REPLICATION
2015/16,11,27,3825664,REPLICATION
2015/16,11,27,3825665,REPLICATION
2015/16,11,27,3825666,REPLICATION
2015/16,11,27,3825667,REPLICATION
2015/16,11,27,3825668,REPLICATION
2015/16,11,27,3825669,REPLICATION
2015/16,11,27,3825670,REPLICATION
2015/16,11,27,3825671,REPLICATION
2015/16,11,27,3825672,REPLICATION
2015/16,11,27,3825673,REPLICATION
2015/16,11,27,3825674,REPLICATION
2015/16,11,27,3825675,REPLICATION
2015/16,11,27,3825676,REPLICATION
2015/16,11,27,3825677,REPLICATION
2015/16,11,27,3825678,REPLICATION
2015/16,11,27,3825679,REPLICATION
2015/16,11,27,3825680,REPLICATION
2015/16,11,27,3825681,REPLICATION
2015/16,11,27,3825682,REPLICATION
2015/16,11,27,3825683,REPLICATION
2015/16,11,27,3825684,REPLICATION
2015/16,11,27,3825685,REPLICATION
2015/16,11,27,3825686,REPLICATION
2015/16,11,27,3825687,REPLICATION
2015/16,11,27,3825688,REPLICATION
2015/16,11,27,3825689,REPLICATION
2015/16,11,27,3825690,REPLICATION
2015/16,11,27,3825691,REPLICATION
2015/16,11,27,3825692,REPLICATION
2015/16,11,27,3825693,REPLICATION
2015/16,11,27,3825694,REPLICATION
2015/16,11,27,3825695,REPLICATION
2015/16,11,27,3825696,REPLICATION
2015/16,11,27,3825697,REPLICATION
2015/16,11,27,3825698,REPLICATION
2015/16,11,27,3825699,REPLICATION
2015/16,11,27,3825700,REPLICATION
2015/16,11,27,3825701,REPLICATION
2015/16,11,27,3825702,REPLICATION
2015/16,11,27,3825703,REPLICATION
2015/16,11,27,3825704,REPLICATION
2015/16,11,27,3825705,REPLICATION
2015/16,11,27,3825706,REPLICATION
2015/16,11,27,3825707,REPLICATION
2015/16,11,27,3825708,REPLICATION
2015/16,11,27,3825709,REPLICATION
2015/16,11,27,3825710,REPLICATION
2015/16,11,27,3825711,REPLICATION
2015/16,11,27,3825712,REPLICATION
2015/16,11,27,3825713,REPLICATION
2015/16,11,27,3825714,REPLICATION
2015/16,11,27,3825715,REPLICATION
2015/16,11,27,3825716,REPLICATION
2015/16,11,27,3825717,REPLICATION
2015/16,11,27,3825718,REPLICATION
2015/16,11,27,3825719,REPLICATION
2015/16,11,27,3825720,REPLICATION
2015/16,11,27,3825721,REPLICATION
2015/16,11,27,3825722,REPLICATION
2015/16,11,27,3825723,REPLICATION
2015/16,11,27,3825724,REPLICATION
2015/16,11,27,3825725,REPLICATION
2015/16,11,27,3825726,REPLICATION
2015/16,11,27,3825727,REPLICATION
2015/16,11,27,3825728,REPLICATION
2015/16,11,27,3825729,REPLICATION
2015/16,11,27,3825730,REPLICATION
2015/16,11,27,3825731,REPLICATION
2015/16,11,27,3825732,REPLICATION
2015/16,11,27,3825733,REPLICATION
2015/16,11,27,3825734,REPLICATION
2015/16,11,27,3825735,REPLICATION
2015/16,11,27,3825736,REPLICATION
2015/16,11,27,3825737,REPLICATION
2015/16,11,27,3825738,REPLICATION
2015/16,11,27,3825739,REPLICATION
2015/16,11,27,3825740,REPLICATION
2015/16,11,27,3825741,REPLICATION
2015/16,11,27,3825742,REPLICATION
2015/16,11,27,3825743,REPLICATION
2015/16,11,27,3825744,REPLICATION
2015/16,11,27,3825745,REPLICATION
2015/16,11,27,3825746,REPLICATION
2015/16,11,27,3825747,REPLICATION
2015/16,11,27,3825748,REPLICATION
2015/16,11,27,3825749,REPLICATION
2015/16,11,27,3825750,REPLICATION
2015/16,11,27,3825751,REPLICATION
2015/16,11,27,3825752,REPLICATION
2015/16,11,27,3825753,REPLICATION
2015/16,11,27,3825754,REPLICATION
2015/16,11,27,3825755,REPLICATION
2015/16,11,27,3825756,REPLICATION
2015/16,11,27,3825757,REPLICATION
2015/16,11,27,3825758,REPLICATION
2015/16,11,27,3825759,REPLICATION
2015/16,11,27,3825760,REPLICATION
2015/16,11,27,3825761,REPLICATION
2015/16,11,27,3825762,REPLICATION
2015/16,11,27,3825763,REPLICATION
2015/16,11,27,3825764,REPLICATION
2015/16,11,27,3825765,REPLICATION
2015/16,11,27,3825766,REPLICATION
2015/16,11,27,3825767,REPLICATION
2015/16,11,27,3825768,REPLICATION
2015/16,11,27,3825769,REPLICATION
2015/16,11,27,3825770,REPLICATION
2015/16,11,27,3825771,REPLICATION
2015/16,11,27,3825772,REPLICATION
2015/16,11,27,3825773,REPLICATION
2015/16,11,27,3825774,REPLICATION
2015/16,11,27,3825775,REPLICATION
2015/16,11,27,3825776,REPLICATION
2015/16,11,27,3825777,REPLICATION
2015/16,11,27,3825778,REPLICATION
2015/16,11,27,3825779,REPLICATION
2015/16,11,27,3825780,REPLICATION
2015/16,11,27,3825781,REPLICATION
2015/16,11,27,3825782,REPLICATION
2015/16,11,27,3825783,REPLICATION
2015/16,11,27,3825784,REPLICATION
2015/16,11,27,3825785,REPLICATION
2015/16,11,27,3825786,REPLICATION
2015/16,11,27,3825787,REPLICATION
2015/16,11,27,3825788,REPLICATION
2015/16,11,27,3825789,REPLICATION
2015/16,11,27,3825790,REPLICATION
2015/16,11,27,3825791,REPLICATION
2015/16,11,27,3825792,REPLICATION
2015/16,11,27,3825793,REPLICATION
2015/16,11,27,3825794,REPLICATION
2015/16,11,27,3825795,REPLICATION
2015/16,11,27,3825796,REPLICATION
2015/16,11,27,3825797,REPLICATION
2015/16,11,27,3825798,REPLICATION
2015/16,11,27,3825799,REPLICATION
2015/16,11,27,3825800,REPLICATION
2015/16,11,27,3825801,REPLICATION
2015/16,11,27,3825802,REPLICATION
2015/16,11,27,3825803,REPLICATION
2015/16,11,27,3825804,REPLICATION
2015/16,11,27,3825805,REPLICATION
2015/16,11,27,3825806,REPLICATION
2015/16,11,27,3825807,REPLICATION
2015/16,11,27,3825808,REPLICATION
2015/16,11,27,3825809,REPLICATION
2015/16,11,27,3825810,REPLICATION
2015/16,11,27,3825811,REPLICATION
2015/16,11,27,3825812,REPLICATION
2015/16,11,27,3825813,REPLICATION
2015/16,11,27,3825814,REPLICATION
2015/16,11,27,3825815,REPLICATION
2015/16,11,27,3825816,REPLICATION
2015/16,11,27,3825817,REPLICATION
2015/16,11,27,3825818,REPLICATION
2015/16,11,27,3825819,REPLICATION
2015/16,11,27,3825820,REPLICATION
2015/16,11,27,3825821,REPLICATION
2015/16,11,27,3825822,REPLICATION
2015/16,11,27,3825823,REPLICATION
2015/16,11,27,3825824,REPLICATION
2015/16,11,27,3825825,REPLICATION
2015/16,11,27,3825826,REPLICATION
2015/16,11,27,3825827,REPLICATION
2015/16,11,27,3825828,REPLICATION
2015/16,11,27,3825829,REPLICATION
2015/16,11,27,3825830,REPLICATION
2015/16,11,27,3825831,REPLICATION
2015/16,11,27,3825832,REPLICATION
2015/16,11,27,3825833,REPLICATION
2015/16,11,27,3825834,REPLICATION
2015/16,11,27,3825835,REPLICATION
2015/16,11,27,3825836,REPLICATION
2015/16,11,27,3825837,REPLICATION
2015/16,11,27,3825838,REPLICATION
2015/16,11,27,3825839,REPLICATION
2015/16,11,27,3825840,REPLICATION
2015/16,11,27,3825841,REPLICATION
2015/16,11,27,3825842,REPLICATION
2015/16,11,27,3825843,REPLICATION
2015/16,11,27,3825844,REPLICATION
2015/16,11,27,3825845,REPLICATION
2015/16,11,27,3825846,REPLICATION
2015/16,11,27,3825847,REPLICATION
2015/16,11,27,3825848,REPLICATION
2015/16,11,27,3825849,REPLICATION
2015/16,11,27,3825850,REPLICATION
2015/16,11,27,3825851,REPLICATION
2015/16,11,27,3825852,REPLICATION
2015/16,11,27,3825853,REPLICATION
2015/16,11,27,3825854,REPLICATION
2015/16,11,27,3825855,REPLICATION
2015/16,11,27,3825856,REPLICATION
2015/16,11,27,3825857,REPLICATION
2015/16,11,27,3825858,REPLICATION
2015/16,11,27,3825859,REPLICATION
2015/16,11,27,3825860,REPLICATION
2015/16,11,27,3825861,REPLICATION
2015/16,11,27,3825862,REPLICATION
2015/16,11,27,3825863,REPLICATION
2015/16,11,27,3825864,REPLICATION
2015/16,11,27,3825865,REPLICATION
2015/16,11,27,3825866,REPLICATION
2015/16,11,27,3825867,REPLICATION
2015/16,11,27,3825868,REPLICATION
2015/16,11,27,3825869,REPLICATION
2015/16,11,27,3825870,REPLICATION
2015/16,11,27,3825871,REPLICATION
2015/16,11,27,3825872,REPLICATION
2015/16,11,27,3825873,REPLICATION
2015/16,11,27,3825874,REPLICATION
2015/16,11,27,3825875,REPLICATION
2015/16,11,27,3825876,REPLICATION
2015/16,11,27,3825877,REPLICATION
2015/16,11,27,3825878,REPLICATION
2015/16,11,27,3825879,REPLICATION
2015/16,11,27,3825880,REPLICATION
2015/16,11,27,3825881,REPLICATION
2015/16,11,27,3825882,REPLICATION
2015/16,11,27,3825883,REPLICATION
2015/16,11,27,3825884,REPLICATION
2015/16,11,27,3825885,REPLICATION
2015/16,11,27,3825886,REPLICATION
2015/16,11,27,3825887,REPLICATION
2015/16,11,27,3825888,REPLICATION
2015/16,11,27,3825889,REPLICATION
2015/16,11,27,3825890,REPLICATION
2015/16,11,27,3825891,REPLICATION
2015/16,11,27,3825892,REPLICATION
2015/16,11,27,3825893,REPLICATION
2015/16,11,27,3825894,REPLICATION
2015/16,11,27,3825895,REPLICATION
2015/16,11,27,3825896,REPLICATION
2015/16,11,27,3825897,REPLICATION
2015/16,11,27,3825898,REPLICATION
2015/16,11,27,3825899,REPLICATION
2015/16,11,27,3825900,REPLICATION
2015/16,11,27,3825901,REPLICATION
2015/16,11,27,3825902,REPLICATION
2015/16,11,27,3825903,REPLICATION
2015/16,11,27,3825904,REPLICATION
2015/16,11,27,3825905,REPLICATION
2015/16,11,27,3825906,REPLICATION
2015/16,11,27,3825907,REPLICATION
2015/16,11,27,3825908,REPLICATION
2015/16,12,27,3878540,REPLICATION
2015/16,12,27,3878541,REPLICATION
2015/16,12,27,3878542,REPLICATION
2015/16,12,27,3878543,REPLICATION
2015/16,12,27,3878544,REPLICATION
2015/16,12,27,3878545,REPLICATION
2015/16,12,27,3878546,REPLICATION
2015/16,12,27,3878547,REPLICATION
2015/16,12,27,3878548,REPLICATION
2015/16,12,27,3878549,REPLICATION
2015/16,12,27,3878550,REPLICATION
2015/16,12,27,3878551,REPLICATION
2015/16,12,27,3878552,REPLICATION
2015/16,12,27,3878553,REPLICATION
2015/16,12,27,3878554,REPLICATION
2015/16,12,27,3878555,REPLICATION
2015/16,12,27,3878556,REPLICATION
2015/16,12,27,3878557,REPLICATION
2015/16,12,27,3878558,REPLICATION
2015/16,12,27,3878559,REPLICATION
2015/16,12,27,3878592,REPLICATION
2015/16,12,27,3878593,REPLICATION
2015/16,12,27,3878594,REPLICATION
2015/16,12,27,3878595,REPLICATION
2015/16,12,27,3878596,REPLICATION
2015/16,12,27,3878597,REPLICATION
2015/16,12,27,3878598,REPLICATION
2015/16,12,27,3878599,REPLICATION
2015/16,12,27,3878600,REPLICATION
2015/16,12,27,3878601,REPLICATION
2015/16,12,27,3878602,REPLICATION
2015/16,12,27,3878603,REPLICATION
2015/16,12,27,3878604,REPLICATION
2015/16,12,27,3878605,REPLICATION
2015/16,12,27,3878606,REPLICATION
2015/16,12,27,3878607,REPLICATION
2015/16,12,27,3878608,REPLICATION
2015/16,12,27,3878609,REPLICATION
2015/16,12,27,3878610,REPLICATION
2015/16,12,27,3878611,REPLICATION
2015/16,12,27,3879537,REPLICATION
2015/16,12,27,3879538,REPLICATION
2015/16,12,27,3879539,REPLICATION
2015/16,12,27,3879540,REPLICATION
2015/16,12,27,3879541,REPLICATION
2015/16,12,27,3879542,REPLICATION
2015/16,12,27,3879543,REPLICATION
2015/16,12,27,3879544,REPLICATION
2015/16,12,27,3879545,REPLICATION
2015/16,12,27,3879546,REPLICATION
2015/16,12,27,3879547,REPLICATION
2015/16,12,27,3879548,REPLICATION
2015/16,12,27,3879549,REPLICATION
2015/16,12,27,3879550,REPLICATION
2015/16,12,27,3879551,REPLICATION
2015/16,12,27,3879552,REPLICATION
2015/16,12,27,3879553,REPLICATION
2015/16,12,27,3879554,REPLICATION
2015/16,12,27,3879555,REPLICATION
2015/16,12,27,3879556,REPLICATION
2015/16,12,27,3879557,REPLICATION
2015/16,12,27,3879558,REPLICATION
2015/16,12,27,3879559,REPLICATION
2015/16,12,27,3879560,REPLICATION
2015/16,12,27,3879561,REPLICATION
2015/16,12,27,3879562,REPLICATION
2015/16,12,27,3879563,REPLICATION
2015/16,12,27,3879564,REPLICATION
2015/16,12,27,3879565,REPLICATION
2015/16,12,27,3879566,REPLICATION
2015/16,12,27,3879567,REPLICATION
2015/16,12,27,3879568,REPLICATION
2015/16,12,27,3879569,REPLICATION
2015/16,12,27,3879570,REPLICATION
2015/16,12,27,3879571,REPLICATION
2015/16,12,27,3879572,REPLICATION
2015/16,12,27,3879573,REPLICATION
2015/16,12,27,3879574,REPLICATION
2015/16,12,27,3879575,REPLICATION
2015/16,12,27,3879576,REPLICATION
2015/16,12,27,3879577,REPLICATION
2015/16,12,27,3879578,REPLICATION
2015/16,12,27,3879579,REPLICATION
2015/16,12,27,3879580,REPLICATION
2015/16,12,27,3879581,REPLICATION
2015/16,12,27,3879582,REPLICATION
2015/16,12,27,3879583,REPLICATION
2015/16,12,27,3879584,REPLICATION
2015/16,12,27,3879585,REPLICATION
2015/16,12,27,3879586,REPLICATION
2015/16,12,27,3879587,REPLICATION
2015/16,12,27,3879588,REPLICATION
2015/16,12,27,3879589,REPLICATION
2015/16,12,27,3879590,REPLICATION
2015/16,12,27,3879591,REPLICATION
2015/16,12,27,3879592,REPLICATION
2015/16,12,27,3879593,REPLICATION
2015/16,12,27,3879594,REPLICATION
2015/16,12,27,3879595,REPLICATION
2015/16,12,27,3879596,REPLICATION
2015/16,12,27,3879597,REPLICATION
2015/16,12,27,3879598,REPLICATION
2015/16,12,27,3879599,REPLICATION
2015/16,12,27,3879600,REPLICATION
2015/16,12,27,3879601,REPLICATION
2015/16,12,27,3879602,REPLICATION
2015/16,12,27,3879603,REPLICATION
2015/16,12,27,3879604,REPLICATION
2015/16,12,27,3879605,REPLICATION
2015/16,12,27,3879606,REPLICATION
2015/16,12,27,3879607,REPLICATION
2015/16,12,27,3879608,REPLICATION
2015/16,12,27,3879609,REPLICATION
2015/16,12,27,3879610,REPLICATION
2015/16,12,27,3879611,REPLICATION
2015/16,12,27,3879612,REPLICATION
2015/16,12,27,3879613,REPLICATION
2015/16,12,27,3879614,REPLICATION
2015/16,12,27,3879615,REPLICATION
2015/16,12,27,3879616,REPLICATION
2015/16,12,27,3879617,REPLICATION
2015/16,12,27,3879618,REPLICATION
2015/16,12,27,3879619,REPLICATION
2015/16,12,27,3879620,REPLICATION
2015/16,12,27,3879621,REPLICATION
2015/16,12,27,3879622,REPLICATION
2015/16,12,27,3879623,REPLICATION
2015/16,12,27,3879624,REPLICATION
2015/16,12,27,3879625,REPLICATION
2015/16,12,27,3879626,REPLICATION
2015/16,12,27,3879627,REPLICATION
2015/16,12,27,3879628,REPLICATION
2015/16,12,27,3879629,REPLICATION
2015/16,12,27,3879630,REPLICATION
2015/16,12,27,3879631,REPLICATION
2015/16,12,27,3879632,REPLICATION
2015/16,12,27,3879633,REPLICATION
2015/16,12,27,3879634,REPLICATION
2015/16,12,27,3879635,REPLICATION
2015/16,12,27,3879636,REPLICATION
2015/16,12,27,3879637,REPLICATION
2015/16,12,27,3879638,REPLICATION
2015/16,12,27,3879639,REPLICATION
2015/16,12,27,3879640,REPLICATION
2015/16,12,27,3879641,REPLICATION
2015/16,12,27,3879642,REPLICATION
2015/16,12,27,3879643,REPLICATION
2015/16,12,27,3879644,REPLICATION
2015/16,12,27,3879645,REPLICATION
2015/16,12,27,3879646,REPLICATION
2015/16,12,27,3879647,REPLICATION
2015/16,12,27,3879648,REPLICATION
2015/16,12,27,3879649,REPLICATION
2015/16,12,27,3879650,REPLICATION
2015/16,12,27,3879651,REPLICATION
2015/16,12,27,3879652,REPLICATION
2015/16,12,27,3879653,REPLICATION
2015/16,12,27,3879654,REPLICATION
2015/16,12,27,3879655,REPLICATION
2015/16,12,27,3879656,REPLICATION
2015/16,12,27,3879657,REPLICATION
2015/16,12,27,3879658,REPLICATION
2015/16,12,27,3879659,REPLICATION
2015/16,12,27,3879660,REPLICATION
2015/16,12,27,3879661,REPLICATION
2015/16,12,27,3879662,REPLICATION
2015/16,12,27,3879663,REPLICATION
2015/16,12,27,3879664,REPLICATION
2015/16,12,27,3879665,REPLICATION
2015/16,12,27,3879666,REPLICATION
2015/16,12,27,3879667,REPLICATION
2015/16,12,27,3879668,REPLICATION
2015/16,12,27,3879669,REPLICATION
2015/16,12,27,3879670,REPLICATION
2015/16,12,27,3879671,REPLICATION
2015/16,12,27,3879672,REPLICATION
2015/16,12,27,3879673,REPLICATION
2015/16,12,27,3879674,REPLICATION
2015/16,12,27,3879675,REPLICATION
2015/16,12,27,3879676,REPLICATION
2015/16,12,27,3879677,REPLICATION
2015/16,12,27,3879678,REPLICATION
2015/16,12,27,3879679,REPLICATION
2015/16,12,27,3879680,REPLICATION
2015/16,12,27,3879681,REPLICATION
2015/16,12,27,3879682,REPLICATION
2015/16,12,27,3879683,REPLICATION
2015/16,12,27,3879684,REPLICATION
2015/16,12,27,3879685,REPLICATION
2015/16,12,27,3879686,REPLICATION
2015/16,12,27,3879687,REPLICATION
2015/16,12,27,3879688,REPLICATION
2015/16,12,27,3879689,REPLICATION
2015/16,12,27,3879690,REPLICATION
2015/16,12,27,3879691,REPLICATION
2015/16,12,27,3879692,REPLICATION
2015/16,12,27,3879693,REPLICATION
2015/16,12,27,3879694,REPLICATION
2015/16,12,27,3879695,REPLICATION
2015/16,12,27,3879696,REPLICATION
2015/16,12,27,3879697,REPLICATION
2015/16,12,27,3879698,REPLICATION
2015/16,12,27,3879699,REPLICATION
2015/16,12,27,3879700,REPLICATION
2015/16,12,27,3879701,REPLICATION
2015/16,12,27,3879702,REPLICATION
2015/16,12,27,3879703,REPLICATION
2015/16,12,27,3879704,REPLICATION
2015/16,12,27,3879705,REPLICATION
2015/16,12,27,3879706,REPLICATION
2015/16,12,27,3879707,REPLICATION
2015/16,12,27,3879708,REPLICATION
2015/16,12,27,3879709,REPLICATION
2015/16,12,27,3879710,REPLICATION
2015/16,12,27,3879711,REPLICATION
2015/16,12,27,3879712,REPLICATION
2015/16,12,27,3879713,REPLICATION
2015/16,12,27,3879714,REPLICATION
2015/16,12,27,3879715,REPLICATION
2015/16,12,27,3879716,REPLICATION
2015/16,12,27,3879717,REPLICATION
2015/16,12,27,3879718,REPLICATION
2015/16,12,27,3879719,REPLICATION
2015/16,12,27,3879720,REPLICATION
2015/16,12,27,3879721,REPLICATION
2015/16,12,27,3879722,REPLICATION
2015/16,12,27,3879723,REPLICATION
2015/16,12,27,3879724,REPLICATION
2015/16,12,27,3879725,REPLICATION
2015/16,12,27,3879726,REPLICATION
2015/16,12,27,3879727,REPLICATION
2015/16,12,27,3879728,REPLICATION
2015/16,12,27,3879729,REPLICATION
2015/16,12,27,3879730,REPLICATION
2015/16,12,27,3879731,REPLICATION
2015/16,12,27,3879732,REPLICATION
2015/16,12,27,3879733,REPLICATION
2015/16,12,27,3879734,REPLICATION
2015/16,12,27,3879735,REPLICATION
2015/16,12,27,3879736,REPLICATION
2015/16,12,27,3879737,REPLICATION
2015/16,12,27,3879738,REPLICATION
2015/16,12,27,3879739,REPLICATION
2015/16,12,27,3879740,REPLICATION
2015/16,12,27,3879741,REPLICATION
2015/16,12,27,3879742,REPLICATION
2015/16,12,27,3879743,REPLICATION
2015/16,12,27,3879744,REPLICATION
2015/16,12,27,3879745,REPLICATION
2015/16,12,27,3879746,REPLICATION
2015/16,12,27,3879747,REPLICATION
2015/16,12,27,3879748,REPLICATION
2015/16,12,27,3879749,REPLICATION
2015/16,12,27,3879750,REPLICATION
2015/16,12,27,3879751,REPLICATION
2015/16,12,27,3879752,REPLICATION
2015/16,12,27,3879753,REPLICATION
2015/16,12,27,3879754,REPLICATION
2015/16,12,27,3879755,REPLICATION
2015/16,12,27,3879756,REPLICATION
2015/16,12,27,3879757,REPLICATION
2015/16,12,27,3879758,REPLICATION
2015/16,12,27,3879759,REPLICATION
2015/16,12,27,3879760,REPLICATION
2015/16,12,27,3879761,REPLICATION
2015/16,12,27,3879762,REPLICATION
2015/16,12,27,3879763,REPLICATION
2015/16,12,27,3879764,REPLICATION
2015/16,12,27,3879765,REPLICATION
2015/16,12,27,3879766,REPLICATION
2015/16,12,27,3879767,REPLICATION
2015/16,12,27,3879768,REPLICATION
2015/16,12,27,3879769,REPLICATION
2015/16,12,27,3879770,REPLICATION
2015/16,12,27,3879771,REPLICATION
2015/16,12,27,3879772,REPLICATION
2015/16,12,27,3879773,REPLICATION
2015/16,12,27,3879774,REPLICATION
2015/16,12,27,3879775,REPLICATION
2015/16,12,27,3879776,REPLICATION
2015/16,12,27,3879777,REPLICATION
2015/16,12,27,3879778,REPLICATION
2015/16,12,27,3879779,REPLICATION
2015/16,12,27,3879780,REPLICATION
2015/16,12,27,3879781,REPLICATION
2015/16,12,27,3879782,REPLICATION
2015/16,12,27,3879783,REPLICATION
2015/16,12,27,3879784,REPLICATION
2015/16,12,27,3879785,REPLICATION
2015/16,12,27,3879786,REPLICATION
2015/16,12,27,3879787,REPLICATION
2015/16,12,27,3879788,REPLICATION
2015/16,12,27,3879789,REPLICATION
2015/16,12,27,3879790,REPLICATION
2015/16,12,27,3879791,REPLICATION
2015/16,12,27,3879792,REPLICATION
2015/16,12,27,3879793,REPLICATION
2015/16,12,27,3879794,REPLICATION
2015/16,12,27,3879795,REPLICATION
2015/16,12,27,3879796,REPLICATION
2015/16,12,27,3879797,REPLICATION
2015/16,12,27,3879798,REPLICATION
2015/16,12,27,3879799,REPLICATION
2015/16,12,27,3879800,REPLICATION
2015/16,12,27,3879801,REPLICATION
2015/16,12,27,3879802,REPLICATION
2015/16,12,27,3879803,REPLICATION
2015/16,12,27,3879804,REPLICATION
2015/16,12,27,3879805,REPLICATION
2015/16,12,27,3879806,REPLICATION
2015/16,12,27,3879807,REPLICATION
2015/16,12,27,3879808,REPLICATION
2015/16,12,27,3879809,REPLICATION
2015/16,12,27,3879810,REPLICATION
2015/16,12,27,3879811,REPLICATION
2015/16,12,27,3879812,REPLICATION
2015/16,12,27,3879813,REPLICATION
2015/16,12,27,3879814,REPLICATION
2015/16,12,27,3879815,REPLICATION
2015/16,12,27,3879816,REPLICATION
2015/16,12,27,3879817,REPLICATION
2015/16,12,27,3879818,REPLICATION
2015/16,12,27,3879819,REPLICATION
2015/16,12,27,3879820,REPLICATION
2015/16,12,27,3879821,REPLICATION
2015/16,12,27,3879822,REPLICATION
2015/16,12,27,3879823,REPLICATION
2015/16,12,27,3879824,REPLICATION
2015/16,12,27,3879825,REPLICATION
2015/16,12,27,3879826,REPLICATION
2015/16,12,27,3879827,REPLICATION
2015/16,12,27,3879828,REPLICATION
2015/16,12,27,3879829,REPLICATION
2015/16,12,27,3879830,REPLICATION
2015/16,12,27,3879831,REPLICATION
2015/16,12,27,3879832,REPLICATION
2015/16,12,27,3879833,REPLICATION
2015/16,12,27,3879834,REPLICATION
2015/16,12,27,3879835,REPLICATION
2015/16,12,27,3879836,REPLICATION
2015/16,12,27,3879837,REPLICATION
2015/16,12,27,3879838,REPLICATION
2015/16,12,27,3879839,REPLICATION
2015/16,12,27,3879840,REPLICATION
2015/16,12,27,3879841,REPLICATION
2015/16,12,27,3879842,REPLICATION
2015/16,12,27,3879843,REPLICATION
2015/16,12,27,3879844,REPLICATION
2015/16,12,27,3879845,REPLICATION
2015/16,12,27,3879846,REPLICATION
2015/16,12,27,3879847,REPLICATION
2015/16,12,27,3879848,REPLICATION
2015/16,12,27,3879849,REPLICATION
2015/16,12,27,3879850,REPLICATION
2015/16,12,27,3879851,REPLICATION
2015/16,12,27,3879852,REPLICATION
2015/16,12,27,3879853,REPLICATION
2015/16,12,27,3879854,REPLICATION
2015/16,12,27,3879855,REPLICATION
2015/16,12,27,3879856,REPLICATION
2015/16,12,27,3879857,REPLICATION
2015/16,12,27,3879858,REPLICATION
2015/16,12,27,3879859,REPLICATION
2015/16,12,27,3879860,REPLICATION
2015/16,12,27,3879861,REPLICATION
2015/16,12,27,3879862,REPLICATION
2015/16,12,27,3879863,REPLICATION
2015/16,12,27,3879864,REPLICATION
2015/16,12,27,3879865,REPLICATION
2015/16,12,27,3879866,REPLICATION
2015/16,12,27,3879867,REPLICATION
2015/16,12,27,3879868,REPLICATION
2015/16,12,27,3879869,REPLICATION
2015/16,12,27,3879870,REPLICATION
2015/16,12,27,3879871,REPLICATION
2015/16,12,27,3879872,REPLICATION
2015/16,12,27,3879873,REPLICATION
2015/16,12,27,3879874,REPLICATION
2015/16,12,27,3879875,REPLICATION
2015/16,12,27,3879876,REPLICATION
study,7,108,3802685,DEVELOPMENT
study,7,108,3802809,DEVELOPMENT
study,7,108,3802907,DEVELOPMENT
study,7,108,3802802,DEVELOPMENT
study,7,108,3802839,DEVELOPMENT
study,7,108,3802902,DEVELOPMENT
study,7,108,3802699,DEVELOPMENT
study,7,108,3802665,DEVELOPMENT
study,7,108,3802805,DEVELOPMENT
study,7,108,3802837,DEVELOPMENT
study,7,108,3802709,DEVELOPMENT
study,7,108,3802930,DEVELOPMENT
study,7,108,3802690,DEVELOPMENT
study,7,108,3802948,REPLICATION
study,7,108,3802683,REPLICATION
study,7,108,3802676,REPLICATION
study,7,108,3803000,REPLICATION
study,7,108,3802904,REPLICATION
study,7,108,3802983,REPLICATION
study,7,108,3802793,REPLICATION
study,7,108,3802795,REPLICATION
study,7,108,3802752,REPLICATION
study,7,108,3802818,REPLICATION
study,7,108,3802643,REPLICATION
study,7,108,3802696,REPLICATION
study,7,108,3802984,REPLICATION
study,7,235,3837818,DEVELOPMENT
study,7,235,3837938,DEVELOPMENT
study,7,235,3837680,DEVELOPMENT
study,7,235,3837918,DEVELOPMENT
study,7,235,3837659,DEVELOPMENT
study,7,235,3837876,DEVELOPMENT
study,7,235,3837902,DEVELOPMENT
study,7,235,3837727,DEVELOPMENT
study,7,235,3837859,DEVELOPMENT
study,7,235,3837683,DEVELOPMENT
study,7,235,3837695,DEVELOPMENT
study,7,235,3837954,DEVELOPMENT
study,7,235,3837747,DEVELOPMENT
study,7,235,3837839,DEVELOPMENT
study,7,235,3837998,DEVELOPMENT
study,7,235,3837662,REPLICATION
study,7,235,3837896,REPLICATION
study,7,235,3837827,REPLICATION
study,7,235,3837885,REPLICATION
study,7,235,3837987,REPLICATION
study,7,235,3837928,REPLICATION
study,7,235,3837963,REPLICATION
study,7,235,3837771,REPLICATION
study,7,235,3837785,REPLICATION
study,7,235,3837752,REPLICATION
study,7,235,3837844,REPLICATION
study,7,235,3837650,REPLICATION
study,7,235,3837717,REPLICATION
study,7,235,3837947,REPLICATION
study,7,235,3838017,REPLICATION
study,7,235,3838004,REPLICATION
study,9,281,3895167,DEVELOPMENT
study,9,281,3895275,DEVELOPMENT
study,9,281,3895074,DEVELOPMENT
study,9,281,3895250,DEVELOPMENT
study,9,281,3895060,DEVELOPMENT
study,9,281,3895210,DEVELOPMENT
study,9,281,3895244,DEVELOPMENT
study,9,281,3895113,DEVELOPMENT
study,9,281,3895202,DEVELOPMENT
study,9,281,3895086,DEVELOPMENT
study,9,281,3895095,DEVELOPMENT
study,9,281,3895292,DEVELOPMENT
study,9,281,3895121,DEVELOPMENT
study,9,281,3895182,DEVELOPMENT
study,9,281,3895333,DEVELOPMENT
study,9,281,3895067,REPLICATION
study,9,281,3895232,REPLICATION
study,9,281,3895180,REPLICATION
study,9,281,3895220,REPLICATION
study,9,281,3895320,REPLICATION
study,9,281,3895258,REPLICATION
study,9,281,3895302,REPLICATION
study,9,281,3895139,REPLICATION
study,9,281,3895153,REPLICATION
study,9,281,3895134,REPLICATION
study,9,281,3895194,REPLICATION
study,9,281,3895052,REPLICATION
study,9,281,3895107,REPLICATION
study,9,281,3895286,REPLICATION
study,9,281,3895348,REPLICATION
study,9,281,3895340,REPLICATION
study,11,90,3773372,DEVELOPMENT
study,11,90,3773689,DEVELOPMENT
study,11,90,3773571,DEVELOPMENT
study,11,90,3773403,DEVELOPMENT
study,11,90,3773672,DEVELOPMENT
study,11,90,3764661,DEVELOPMENT
study,11,90,3773497,DEVELOPMENT
study,11,90,3773587,DEVELOPMENT
study,11,90,3773625,DEVELOPMENT
study,11,90,3773547,DEVELOPMENT
study,11,90,3773377,DEVELOPMENT
study,11,90,3773386,DEVELOPMENT
study,11,90,3773474,DEVELOPMENT
study,11,90,3773369,DEVELOPMENT
study,11,90,3773415,DEVELOPMENT
study,11,90,3773526,DEVELOPMENT
study,11,90,3773631,DEVELOPMENT
study,11,90,3773586,REPLICATION
study,11,90,3773477,REPLICATION
study,11,90,3773585,REPLICATION
study,11,90,3773565,REPLICATION
study,11,90,3773552,REPLICATION
study,11,90,3773665,REPLICATION
study,11,90,3773597,REPLICATION
study,11,90,3773661,REPLICATION
study,11,90,3773457,REPLICATION
study,11,90,3773466,REPLICATION
study,11,90,3773428,REPLICATION
study,11,90,3773656,REPLICATION
study,11,90,3773523,REPLICATION
study,11,90,3764440,REPLICATION
study,11,90,3773387,REPLICATION
study,11,90,3773593,REPLICATION
study,11,90,3773695,REPLICATION
study,11,90,3773660,REPLICATION
study,43,106,3857259,DEVELOPMENT
study,43,106,3857261,DEVELOPMENT
study,43,106,3857280,DEVELOPMENT
study,43,106,3857282,DEVELOPMENT
study,43,106,3869486,DEVELOPMENT
study,43,106,3869684,DEVELOPMENT
study,43,106,3857277,DEVELOPMENT
study,43,106,3857256,DEVELOPMENT
study,43,106,3869220,DEVELOPMENT
study,43,106,3857258,DEVELOPMENT
study,43,106,3857270,DEVELOPMENT
study,43,106,3857276,DEVELOPMENT
study,43,106,3869254,DEVELOPMENT
study,43,106,3869354,DEVELOPMENT
study,43,106,3869253,DEVELOPMENT
study,43,106,3857262,DEVELOPMENT
study,43,106,3857293,DEVELOPMENT
study,43,106,3857288,DEVELOPMENT
study,43,106,3857257,DEVELOPMENT
study,43,106,3869321,DEVELOPMENT
study,43,106,3857273,DEVELOPMENT
study,43,106,3857255,DEVELOPMENT
study,43,106,3857289,DEVELOPMENT
study,43,106,3857294,DEVELOPMENT
study,43,106,3857266,DEVELOPMENT
study,43,106,3857284,DEVELOPMENT
study,43,106,3857292,DEVELOPMENT
study,43,106,3857285,DEVELOPMENT
study,43,106,3857268,DEVELOPMENT
study,43,106,3857300,DEVELOPMENT
study,43,106,3857271,DEVELOPMENT
study,43,106,3869420,DEVELOPMENT
study,43,106,3857287,REPLICATION
study,43,106,3857281,REPLICATION
study,43,106,3857298,REPLICATION
study,43,106,3857274,REPLICATION
study,43,106,3869117,REPLICATION
study,43,106,3857267,REPLICATION
study,43,106,3857291,REPLICATION
study,43,106,3857301,REPLICATION
study,43,106,3857265,REPLICATION
study,43,106,3857290,REPLICATION
study,43,106,3869118,REPLICATION
study,43,106,3869552,REPLICATION
study,43,106,3857279,REPLICATION
study,43,106,3857263,REPLICATION
study,43,106,3869152,REPLICATION
study,43,106,3869219,REPLICATION
study,43,106,3857299,REPLICATION
study,43,106,3857275,REPLICATION
study,43,106,3869151,REPLICATION
study,43,106,3857272,REPLICATION
study,43,106,3869519,REPLICATION
study,43,106,3857296,REPLICATION
study,43,106,3857286,REPLICATION
study,43,106,3857264,REPLICATION
study,43,106,3857297,REPLICATION
study,43,106,3857295,REPLICATION
study,43,106,3857269,REPLICATION
study,43,106,3857254,REPLICATION
study,43,106,3857260,REPLICATION
study,43,106,3857278,REPLICATION
study,43,106,3869685,REPLICATION
study,43,106,3857283,REPLICATION
study,44,107,3877060,DEVELOPMENT
study,44,107,3877090,REPLICATION
study,44,107,3877072,REPLICATION
study,55,43,3788769,DEVELOPMENT
study,55,43,3795107,DEVELOPMENT
study,55,43,3795109,DEVELOPMENT
study,55,43,3788743,DEVELOPMENT
study,55,43,3788749,DEVELOPMENT
study,55,43,3788748,DEVELOPMENT
study,55,43,3788763,DEVELOPMENT
study,55,43,3788744,DEVELOPMENT
study,55,43,3794685,DEVELOPMENT
study,55,43,3788772,DEVELOPMENT
study,55,43,3788757,DEVELOPMENT
study,55,43,3795221,DEVELOPMENT
study,55,43,3788767,DEVELOPMENT
study,55,43,3788774,DEVELOPMENT
study,55,43,3788742,DEVELOPMENT
study,55,43,3788775,DEVELOPMENT
study,55,43,3788760,DEVELOPMENT
study,55,43,3788755,DEVELOPMENT
study,55,43,3788758,DEVELOPMENT
study,55,43,3788764,DEVELOPMENT
study,55,43,3788771,DEVELOPMENT
study,55,43,3788768,DEVELOPMENT
study,55,43,3794691,DEVELOPMENT
study,55,43,3788761,DEVELOPMENT
study,55,43,3788776,DEVELOPMENT
study,55,43,3788754,REPLICATION
study,55,43,3788753,REPLICATION
study,55,43,3788746,REPLICATION
study,55,43,3794686,REPLICATION
study,55,43,3788752,REPLICATION
study,55,43,3795108,REPLICATION
study,55,43,3788745,REPLICATION
study,55,43,3794687,REPLICATION
study,55,43,3795220,REPLICATION
study,55,43,3788766,REPLICATION
study,55,43,3788750,REPLICATION
study,55,43,3794688,REPLICATION
study,55,43,3794689,REPLICATION
study,55,43,3788762,REPLICATION
study,55,43,3788759,REPLICATION
study,55,43,3795187,REPLICATION
study,55,43,3788773,REPLICATION
study,55,43,3788751,REPLICATION
study,55,43,3794692,REPLICATION
study,55,43,3794690,REPLICATION
study,55,43,3788756,REPLICATION
study,55,43,3788741,REPLICATION
study,55,43,3788747,REPLICATION
study,55,43,3788765,REPLICATION
study,55,43,3795506,REPLICATION
study,55,43,3788770,REPLICATION
study,55,282,3938638,DEVELOPMENT
study,55,282,3942226,DEVELOPMENT
study,55,282,3942349,DEVELOPMENT
study,55,282,3930160,DEVELOPMENT
study,55,282,3930166,DEVELOPMENT
study,55,282,3930165,DEVELOPMENT
study,55,282,3930180,DEVELOPMENT
study,55,282,3930161,DEVELOPMENT
study,55,282,3940878,DEVELOPMENT
study,55,282,3938641,DEVELOPMENT
study,55,282,3930174,DEVELOPMENT
study,55,282,3942819,DEVELOPMENT
study,55,282,3930184,DEVELOPMENT
study,55,282,3938643,DEVELOPMENT
study,55,282,3930159,DEVELOPMENT
study,55,282,3938644,DEVELOPMENT
study,55,282,3930177,DEVELOPMENT
study,55,282,3930172,DEVELOPMENT
study,55,282,3930175,DEVELOPMENT
study,55,282,3930181,DEVELOPMENT
study,55,282,3938640,DEVELOPMENT
study,55,282,3938637,DEVELOPMENT
study,55,282,3941021,DEVELOPMENT
study,55,282,3930178,DEVELOPMENT
study,55,282,3938645,DEVELOPMENT
study,55,282,3930171,REPLICATION
study,55,282,3930170,REPLICATION
study,55,282,3930163,REPLICATION
study,55,282,3940983,REPLICATION
study,55,282,3930169,REPLICATION
study,55,282,3942227,REPLICATION
study,55,282,3930162,REPLICATION
study,55,282,3941017,REPLICATION
study,55,282,3942752,REPLICATION
study,55,282,3930183,REPLICATION
study,55,282,3930167,REPLICATION
study,55,282,3941018,REPLICATION
study,55,282,3941019,REPLICATION
study,55,282,3930179,REPLICATION
study,55,282,3930176,REPLICATION
study,55,282,3942382,REPLICATION
study,55,282,3938642,REPLICATION
study,55,282,3930168,REPLICATION
study,55,282,3941022,REPLICATION
study,55,282,3941020,REPLICATION
study,55,282,3930173,REPLICATION
study,55,282,3930158,REPLICATION
study,55,282,3930164,REPLICATION
study,55,282,3930182,REPLICATION
study,55,282,3943043,REPLICATION
study,55,282,3938639,REPLICATION
