cell,type,G,CI,P,s,L
zone=defensive|pressure=no|state=trailing,lateral_short,0.0013965485850349069,"[0.00044, 0.00227]",0.5492443981240229,0.33713298791019,0.707216082763302
zone=final|pressure=no|state=leading,lateral_medium,0.0015692774904891849,"[0.00048, 0.00269]",0.5630081300813008,0.3023255813953488,1.0630149261661521
zone=final|pressure=no|state=leading,lateral_short,0.002080436795949936,"[0.00137, 0.00282]",0.5669333333333333,0.3514354894500173,1.0587937265102352
zone=final|pressure=no|state=level,lateral_medium,0.0010304346214979887,"[0.00059, 0.00147]",0.554320987654321,0.3485254691689008,0.6970720362573207
zone=final|pressure=no|state=level,lateral_short,0.0014129658229649067,"[0.00102, 0.00182]",0.5778385772913817,0.32763061074319355,0.7295420935003565
zone=final|pressure=no|state=trailing,lateral_medium,0.001418611966073513,"[0.00059, 0.00221]",0.5612985903460059,0.33944695259593677,0.8526816437700512
zone=final|pressure=no|state=trailing,lateral_short,0.0015355880605056882,"[0.00096, 0.00219]",0.5701202060675443,0.3316755929609793,0.6934799250661946
zone=middle|pressure=no|state=leading,lateral_medium,0.0006036305567249656,"[0.00046, 0.00075]",0.5445075757575758,0.3083832335329341,1.1693614404263168
zone=middle|pressure=no|state=level,lateral_medium,0.0006976044969633222,"[0.00060, 0.00079]",0.5358283210811614,0.35261032593019903,1.2614710632614565
zone=middle|pressure=no|state=trailing,lateral_medium,0.0011402376694604754,"[0.00093, 0.00134]",0.5371595630096938,0.34970982589553734,1.8404926491849538
