competition,season,source_org,publication_date,source_url,player_name_as_published,position_as_published
FIFA World Cup,2022,Sky Sports,2022-12-19,https://www.skysports.com/football/news/12768686/world-cup-team-of-the-tournament-lionel-messi-kylian-mbappe-antoine-griezmann-harry-maguire,Dominik Livakovic,Goalkeeper
FIFA World Cup,2022,Sky Sports,2022-12-19,https://www.skysports.com/football/news/12768686/world-cup-team-of-the-tournament-lionel-messi-kylian-mbappe-antoine-griezmann-harry-maguire,Achraf Hakimi,Right Back
FIFA World Cup,2022,Sky Sports,2022-12-19,https://www.skysports.com/football/news/12768686/world-cup-team-of-the-tournament-lionel-messi-kylian-mbappe-antoine-griezmann-harry-maguire,Josko Gvardiol,Centre Back
FIFA World Cup,2022,Sky Sports,2022-12-19,https://www.skysports.com/football/news/12768686/world-cup-team-of-the-tournament-lionel-messi-kylian-mbappe-antoine-griezmann-harry-maguire,Harry Maguire,Centre Back
FIFA World Cup,2022,Sky Sports,2022-12-19,https://www.skysports.com/football/news/12768686/world-cup-team-of-the-tournament-lionel-messi-kylian-mbappe-antoine-griezmann-harry-maguire,Marcos Acuna,Left Back
FIFA World Cup,2022,Sky Sports,2022-12-19,https://www.skysports.com/football/news/12768686/world-cup-team-of-the-tournament-lionel-messi-kylian-mbappe-antoine-griezmann-harry-maguire,Antoine Griezmann,Central Midfielder
FIFA World Cup,2022,Sky Sports,2022-12-19,https://www.skysports.com/football/news/12768686/world-cup-team-of-the-tournament-lionel-messi-kylian-mbappe-antoine-griezmann-harry-maguire,Sofyan Amrabat,Central Midfielder
FIFA World Cup,2022,Sky Sports,2022-12-19,https://www.skysports.com/football/news/12768686/world-cup-team-of-the-tournament-lionel-messi-kylian-mbappe-antoine-griezmann-harry-maguire,Azzedine Ounahi,Central Midfielder
FIFA World Cup,2022,Sky Sports,2022-12-19,https://www.skysports.com/football/news/12768686/world-cup-team-of-the-tournament-lionel-messi-kylian-mbappe-antoine-griezmann-harry-maguire,Lionel Messi,Right Forward
FIFA World Cup,2022,Sky Sports,2022-12-19,https://www.skysports.com/football/news/12768686/world-cup-team-of-the-tournament-lionel-messi-kylian-mbappe-antoine-griezmann-harry-maguire,Olivier Giroud,Centre Forward
FIFA World Cup,2022,Sky Sports,2022-12-19,https://www.skysports.com/football/news/12768686/world-cup-team-of-the-tournament-lionel-messi-kylian-mbappe-antoine-griezmann-harry-maguire,Kylian Mbappe,Left Forward
UEFA Euro,2020,UEFA,2021-07-13,https://www.uefa.com/insideuefa/mediaservices/mediareleases/news/026b-12be976defd3-914f913b0653-1000--uefa-euro-2020-team-of-the-tournament/,Gianluigi Donnarumma,Goalkeeper
UEFA Euro,2020,UEFA,2021-07-13,https://www.uefa.com/insideuefa/mediaservices/mediareleases/news/026b-12be976defd3-914f913b0653-1000--uefa-euro-2020-team-of-the-tournament/,Kyle Walker,Defender
UEFA Euro,2020,UEFA,2021-07-13,https://www.uefa.com/insideuefa/mediaservices/mediareleases/news/026b-12be976defd3-914f913b0653-1000--uefa-euro-2020-team-of-the-tournament/,Leonardo Bonucci,Defender
UEFA Euro,2020,UEFA,2021-07-13,https://www.uefa.com/insideuefa/mediaservices/mediareleases/news/026b-12be976defd3-914f913b0653-1000--uefa-euro-2020-team-of-the-tournament/,Harry Maguire,Defender
UEFA Euro,2020,UEFA,2021-07-13,https://www.uefa.com/insideuefa/mediaservices/mediareleases/news/026b-12be976defd3-914f913b0653-1000--uefa-euro-2020-team-of-the-tournament/,Leonardo Spinazzola,Defender
UEFA Euro,2020,UEFA,2021-07-13,https://www.uefa.com/insideuefa/mediaservices/mediareleases/news/026b-12be976defd3-914f913b0653-1000--uefa-euro-2020-team-of-the-tournament/,Jorginho,Midfielder
UEFA Euro,2020,UEFA,2021-07-13,https://www.uefa.com/insideuefa/mediaservices/mediareleases/news/026b-12be976defd3-914f913b0653-1000--uefa-euro-2020-team-of-the-tournament/,Pierre-Emile Hojbjerg,Midfielder
UEFA Euro,2020,UEFA,2021-07-13,https://www.uefa.com/insideuefa/mediaservices/mediareleases/news/026b-12be976defd3-914f913b0653-1000--uefa-euro-2020-team-of-the-tournament/,Pedri,Midfielder
UEFA Euro,2020,UEFA,2021-07-13,https://www.uefa.com/insideuefa/mediaservices/mediareleases/news/026b-12be976defd3-914f913b0653-1000--uefa-euro-2020-team-of-the-tournament/,Federico Chiesa,Forward
UEFA Euro,2020,UEFA,2021-07-13,https://www.uefa.com/insideuefa/mediaservices/mediareleases/news/026b-12be976defd3-914f913b0653-1000--uefa-euro-2020-team-of-the-tournament/,Romelu Lukaku,Forward
UEFA Euro,2020,UEFA,2021-07-13,https://www.uefa.com/insideuefa/mediaservices/mediareleases/news/026b-12be976defd3-914f913b0653-1000--uefa-euro-2020-team-of-the-tournament/,Raheem Sterling,Forward
UEFA Euro,2024,UEFA,2024-07-16,https://www.uefa.com/uefaeuro/history/news/028f-1b61a0e91074-427664e9bbfe-1000--uefa-euro-2024-team-of-the-tournament/,Mike Maignan,Goalkeeper
UEFA Euro,2024,UEFA,2024-07-16,https://www.uefa.com/uefaeuro/history/news/028f-1b61a0e91074-427664e9bbfe-1000--uefa-euro-2024-team-of-the-tournament/,Kyle Walker,Defender
UEFA Euro,2024,UEFA,2024-07-16,https://www.uefa.com/uefaeuro/history/news/028f-1b61a0e91074-427664e9bbfe-1000--uefa-euro-2024-team-of-the-tournament/,William Saliba,Defender
UEFA Euro,2024,UEFA,2024-07-16,https://www.uefa.com/uefaeuro/history/news/028f-1b61a0e91074-427664e9bbfe-1000--uefa-euro-2024-team-of-the-tournament/,Manuel Akanji,Defender
UEFA Euro,2024,UEFA,2024-07-16,https://www.uefa.com/uefaeuro/history/news/028f-1b61a0e91074-427664e9bbfe-1000--uefa-euro-2024-team-of-the-tournament/,Marc Cucurella,Defender
UEFA Euro,2024,UEFA,2024-07-16,https://www.uefa.com/uefaeuro/history/news/028f-1b61a0e91074-427664e9bbfe-1000--uefa-euro-2024-team-of-the-tournament/,Rodri,Midfielder
UEFA Euro,2024,UEFA,2024-07-16,https://www.uefa.com/uefaeuro/history/news/028f-1b61a0e91074-427664e9bbfe-1000--uefa-euro-2024-team-of-the-tournament/,Dani Olmo,Midfielder
UEFA Euro,2024,UEFA,2024-07-16,https://www.uefa.com/uefaeuro/history/news/028f-1b61a0e91074-427664e9bbfe-1000--uefa-euro-2024-team-of-the-tournament/,Fabian Ruiz,Midfielder
UEFA Euro,2024,UEFA,2024-07-16,https://www.uefa.com/uefaeuro/history/news/028f-1b61a0e91074-427664e9bbfe-1000--uefa-euro-2024-team-of-the-tournament/,Lamine Yamal,Forward
UEFA Euro,2024,UEFA,2024-07-16,https://www.uefa.com/uefaeuro/history/news/028f-1b61a0e91074-427664e9bbfe-1000--uefa-euro-2024-team-of-the-tournament/,Jamal Musiala,Forward
UEFA Euro,2024,UEFA,2024-07-16,https://www.uefa.com/uefaeuro/history/news/028f-1b61a0e91074-427664e9bbfe-1000--uefa-euro-2024-team-of-the-tournament/,Nico Williams,Forward
La Liga,2020/21,NO LIST,,,,
Ligue 1,2021/22,UNFP,2022-05-15,https://www.culturepsg.com/news/ligue1/trophees-unfp-2022-les-resultats/42164,Gianluigi Donnarumma,Goalkeeper
Ligue 1,2021/22,UNFP,2022-05-15,https://www.culturepsg.com/news/ligue1/trophees-unfp-2022-les-resultats/42164,Clauss,Defender
Ligue 1,2021/22,UNFP,2022-05-15,https://www.culturepsg.com/news/ligue1/trophees-unfp-2022-les-resultats/42164,Marquinhos,Defender
Ligue 1,2021/22,UNFP,2022-05-15,https://www.culturepsg.com/news/ligue1/trophees-unfp-2022-les-resultats/42164,Saliba,Defender
Ligue 1,2021/22,UNFP,2022-05-15,https://www.culturepsg.com/news/ligue1/trophees-unfp-2022-les-resultats/42164,Nuno Mendes,Defender
Ligue 1,2021/22,UNFP,2022-05-15,https://www.culturepsg.com/news/ligue1/trophees-unfp-2022-les-resultats/42164,Fofana,Midfielder
Ligue 1,2021/22,UNFP,2022-05-15,https://www.culturepsg.com/news/ligue1/trophees-unfp-2022-les-resultats/42164,Tchouameni,Midfielder
Ligue 1,2021/22,UNFP,2022-05-15,https://www.culturepsg.com/news/ligue1/trophees-unfp-2022-les-resultats/42164,Payet,Midfielder
Ligue 1,2021/22,UNFP,2022-05-15,https://www.culturepsg.com/news/ligue1/trophees-unfp-2022-les-resultats/42164,Kylian Mbappe,Forward
Ligue 1,2021/22,UNFP,2022-05-15,https://www.culturepsg.com/news/ligue1/trophees-unfp-2022-les-resultats/42164,Ben Yedder,Forward
Ligue 1,2021/22,UNFP,2022-05-15,https://www.culturepsg.com/news/ligue1/trophees-unfp-2022-les-resultats/42164,Terrier,Forward
Ligue 1,2022/23,UNFP,2023-05-28,https://www.footmercato.net/a5931465219728042136-trophees-unfp-lequipe-type-de-la-saison-2022-23-devoilee,Brice Samba,Goalkeeper
Ligue 1,2022/23,UNFP,2023-05-28,https://www.footmercato.net/a5931465219728042136-trophees-unfp-lequipe-type-de-la-saison-2022-23-devoilee,Nuno Mendes,Defender
Ligue 1,2022/23,UNFP,2023-05-28,https://www.footmercato.net/a5931465219728042136-trophees-unfp-lequipe-type-de-la-saison-2022-23-devoilee,Achraf Hakimi,Defender
Ligue 1,2022/23,UNFP,2023-05-28,https://www.footmercato.net/a5931465219728042136-trophees-unfp-lequipe-type-de-la-saison-2022-23-devoilee,Kevin Danso,Defender
Ligue 1,2022/23,UNFP,2023-05-28,https://www.footmercato.net/a5931465219728042136-trophees-unfp-lequipe-type-de-la-saison-2022-23-devoilee,Chancel Mbemba,Defender
Ligue 1,2022/23,UNFP,2023-05-28,https://www.footmercato.net/a5931465219728042136-trophees-unfp-lequipe-type-de-la-saison-2022-23-devoilee,Seko Fofana,Midfielder
Ligue 1,2022/23,UNFP,2023-05-28,https://www.footmercato.net/a5931465219728042136-trophees-unfp-lequipe-type-de-la-saison-2022-23-devoilee,Valentin Rongier,Midfielder
Ligue 1,2022/23,UNFP,2023-05-28,https://www.footmercato.net/a5931465219728042136-trophees-unfp-lequipe-type-de-la-saison-2022-23-devoilee,Khephren Thuram,Midfielder
Ligue 1,2022/23,UNFP,2023-05-28,https://www.footmercato.net/a5931465219728042136-trophees-unfp-lequipe-type-de-la-saison-2022-23-devoilee,Kylian Mbappe,Forward
Ligue 1,2022/23,UNFP,2023-05-28,https://www.footmercato.net/a5931465219728042136-trophees-unfp-lequipe-type-de-la-saison-2022-23-devoilee,Lois Openda,Forward
Ligue 1,2022/23,UNFP,2023-05-28,https://www.footmercato.net/a5931465219728042136-trophees-unfp-lequipe-type-de-la-saison-2022-23-devoilee,Lionel Messi,Forward
Bundesliga,2023/24,Bundesliga (DFL) / EA SPORTS Team of the Season,2024-05-03,https://www.bundesliga.com/en/bundesliga/news/vote-now-for-the-bundesliga-team-of-the-season-2023-24-with-ea-fc-24-26961,Gregor Kobel,Goalkeeper
Bundesliga,2023/24,Bundesliga (DFL) / EA SPORTS Team of the Season,2024-05-03,https://www.bundesliga.com/en/bundesliga/news/vote-now-for-the-bundesliga-team-of-the-season-2023-24-with-ea-fc-24-26961,Jeremie Frimpong,Defender
Bundesliga,2023/24,Bundesliga (DFL) / EA SPORTS Team of the Season,2024-05-03,https://www.bundesliga.com/en/bundesliga/news/vote-now-for-the-bundesliga-team-of-the-season-2023-24-with-ea-fc-24-26961,Jonathan Tah,Defender
Bundesliga,2023/24,Bundesliga (DFL) / EA SPORTS Team of the Season,2024-05-03,https://www.bundesliga.com/en/bundesliga/news/vote-now-for-the-bundesliga-team-of-the-season-2023-24-with-ea-fc-24-26961,Waldemar Anton,Defender
Bundesliga,2023/24,Bundesliga (DFL) / EA SPORTS Team of the Season,2024-05-03,https://www.bundesliga.com/en/bundesliga/news/vote-now-for-the-bundesliga-team-of-the-season-2023-24-with-ea-fc-24-26961,Alejandro Grimaldo,Defender
Bundesliga,2023/24,Bundesliga (DFL) / EA SPORTS Team of the Season,2024-05-03,https://www.bundesliga.com/en/bundesliga/news/vote-now-for-the-bundesliga-team-of-the-season-2023-24-with-ea-fc-24-26961,Jamal Musiala,Midfielder
Bundesliga,2023/24,Bundesliga (DFL) / EA SPORTS Team of the Season,2024-05-03,https://www.bundesliga.com/en/bundesliga/news/vote-now-for-the-bundesliga-team-of-the-season-2023-24-with-ea-fc-24-26961,Granit Xhaka,Midfielder
Bundesliga,2023/24,Bundesliga (DFL) / EA SPORTS Team of the Season,2024-05-03,https://www.bundesliga.com/en/bundesliga/news/vote-now-for-the-bundesliga-team-of-the-season-2023-24-with-ea-fc-24-26961,Florian Wirtz,Midfielder
Bundesliga,2023/24,Bundesliga (DFL) / EA SPORTS Team of the Season,2024-05-03,https://www.bundesliga.com/en/bundesliga/news/vote-now-for-the-bundesliga-team-of-the-season-2023-24-with-ea-fc-24-26961,Serhou Guirassy,Forward
Bundesliga,2023/24,Bundesliga (DFL) / EA SPORTS Team of the Season,2024-05-03,https://www.bundesliga.com/en/bundesliga/news/vote-now-for-the-bundesliga-team-of-the-season-2023-24-with-ea-fc-24-26961,Harry Kane,Forward
Bundesliga,2023/24,Bundesliga (DFL) / EA SPORTS Team of the Season,2024-05-03,https://www.bundesliga.com/en/bundesliga/news/vote-now-for-the-bundesliga-team-of-the-season-2023-24-with-ea-fc-24-26961,Victor Boniface,Forward
Major League Soccer,2023,Major League Soccer (MLS),2023-11-28,https://www.mlssoccer.com/news/major-league-soccer-announces-2023-mls-best-xi-presented-by-continental-tire,Roman Burki,Goalkeeper
Major League Soccer,2023,Major League Soccer (MLS),2023-11-28,https://www.mlssoccer.com/news/major-league-soccer-announces-2023-mls-best-xi-presented-by-continental-tire,Matt Miazga,Defender
Major League Soccer,2023,Major League Soccer (MLS),2023-11-28,https://www.mlssoccer.com/news/major-league-soccer-announces-2023-mls-best-xi-presented-by-continental-tire,Tim Parker,Defender
Major League Soccer,2023,Major League Soccer (MLS),2023-11-28,https://www.mlssoccer.com/news/major-league-soccer-announces-2023-mls-best-xi-presented-by-continental-tire,Walker Zimmerman,Defender
Major League Soccer,2023,Major League Soccer (MLS),2023-11-28,https://www.mlssoccer.com/news/major-league-soccer-announces-2023-mls-best-xi-presented-by-continental-tire,Luciano 'Lucho' Acosta,Midfielder
Major League Soccer,2023,Major League Soccer (MLS),2023-11-28,https://www.mlssoccer.com/news/major-league-soccer-announces-2023-mls-best-xi-presented-by-continental-tire,Thiago Almada,Midfielder
Major League Soccer,2023,Major League Soccer (MLS),2023-11-28,https://www.mlssoccer.com/news/major-league-soccer-announces-2023-mls-best-xi-presented-by-continental-tire,Hector Herrera,Midfielder
Major League Soccer,2023,Major League Soccer (MLS),2023-11-28,https://www.mlssoccer.com/news/major-league-soccer-announces-2023-mls-best-xi-presented-by-continental-tire,Hany Mukhtar,Midfielder
Major League Soccer,2023,Major League Soccer (MLS),2023-11-28,https://www.mlssoccer.com/news/major-league-soccer-announces-2023-mls-best-xi-presented-by-continental-tire,Denis Bouanga,Forward
Major League Soccer,2023,Major League Soccer (MLS),2023-11-28,https://www.mlssoccer.com/news/major-league-soccer-announces-2023-mls-best-xi-presented-by-continental-tire,Giorgos Giakoumakis,Forward
Major League Soccer,2023,Major League Soccer (MLS),2023-11-28,https://www.mlssoccer.com/news/major-league-soccer-announces-2023-mls-best-xi-presented-by-continental-tire,Juan 'Cucho' Hernandez,Forward
